2026-02-26	gcp76x	w	7	2026-02-26 07:00:00 UTC	9
2026-02-26	gcp76x	h	7	2026-02-26 07:00:00 UTC	88
2026-02-26	gcp76x	t	7	2026-02-26 07:00:00 UTC	10.53
2026-02-26	gcp76x	v	7	2026-02-26 07:00:00 UTC	24590
2026-02-26	gcp76x	p	7	2026-02-26 07:00:00 UTC	1017
2026-02-26	gcp76x	t	6	2026-02-26 06:00:00 UTC	10.08
2026-02-26	gcp76x	h	6	2026-02-26 06:00:00 UTC	90
2026-02-26	gcp76x	w	6	2026-02-26 06:00:00 UTC	7.7
2026-02-26	gcp76x	p	6	2026-02-26 06:00:00 UTC	1017
2026-02-26	gcp76x	v	6	2026-02-26 06:00:00 UTC	22850
2026-02-26	gcp76x	v	5	2026-02-26 05:00:00 UTC	20860
2026-02-26	gcp76x	w	5	2026-02-26 05:00:00 UTC	6.1
2026-02-26	gcp76x	p	5	2026-02-26 05:00:00 UTC	1018
2026-02-26	gcp76x	t	5	2026-02-26 05:00:00 UTC	10.14
2026-02-26	gcp76x	h	5	2026-02-26 05:00:00 UTC	90
2026-02-26	gcp76x	w	4	2026-02-26 04:00:00 UTC	4.5
2026-02-26	gcp76x	v	4	2026-02-26 04:00:00 UTC	25690
2026-02-26	gcp76x	p	4	2026-02-26 04:00:00 UTC	1018
2026-02-26	gcp76x	t	4	2026-02-26 04:00:00 UTC	10.32
2026-02-26	gcp76x	h	4	2026-02-26 04:00:00 UTC	90
2026-02-26	gcp76x	t	3	2026-02-26 03:00:00 UTC	10.39
2026-02-26	gcp76x	w	3	2026-02-26 03:00:00 UTC	5.9
2026-02-26	gcp76x	h	3	2026-02-26 03:00:00 UTC	91
2026-02-26	gcp76x	p	3	2026-02-26 03:00:00 UTC	1018
2026-02-26	gcp76x	v	3	2026-02-26 03:00:00 UTC	20800
2026-02-26	gcp76x	h	2	2026-02-26 02:00:00 UTC	91
2026-02-26	gcp76x	p	2	2026-02-26 02:00:00 UTC	1018
2026-02-26	gcp76x	w	2	2026-02-26 02:00:00 UTC	4.7
2026-02-26	gcp76x	v	2	2026-02-26 02:00:00 UTC	22050
2026-02-26	gcp76x	t	2	2026-02-26 02:00:00 UTC	10.36
2026-02-26	gcp76x	t	1	2026-02-26 01:00:00 UTC	10.1
2026-02-26	gcp76x	w	1	2026-02-26 01:00:00 UTC	3.2
2026-02-26	gcp76x	p	1	2026-02-26 01:00:00 UTC	1018
2026-02-26	gcp76x	h	1	2026-02-26 01:00:00 UTC	93
2026-02-26	gcp76x	v	1	2026-02-26 01:00:00 UTC	20430
2026-02-26	gcp76x	v	0	2026-02-26 00:00:00 UTC	15900
2026-02-26	gcp76x	w	0	2026-02-26 00:00:00 UTC	5.3
2026-02-26	gcp76x	p	0	2026-02-26 00:00:00 UTC	1018
2026-02-26	gcp76x	h	0	2026-02-26 00:00:00 UTC	94
2026-02-26	gcp76x	t	0	2026-02-26 00:00:00 UTC	9.82
2026-02-25	gcp76x	v	23	2026-02-25 23:00:00 UTC	20310
2026-02-25	gcp76x	h	23	2026-02-25 23:00:00 UTC	90
2026-02-25	gcp76x	p	23	2026-02-25 23:00:00 UTC	1018
2026-02-25	gcp76x	t	23	2026-02-25 23:00:00 UTC	10.48
2026-02-25	gcp76x	w	23	2026-02-25 23:00:00 UTC	5.9
2026-02-25	gcp76x	v	22	2026-02-25 22:00:00 UTC	27170
2026-02-25	gcp76x	p	22	2026-02-25 22:00:00 UTC	1017
2026-02-25	gcp76x	t	22	2026-02-25 22:00:00 UTC	10.62
2026-02-25	gcp76x	h	22	2026-02-25 22:00:00 UTC	87
2026-02-25	gcp76x	w	22	2026-02-25 22:00:00 UTC	5.9
2026-02-25	gcp76x	v	21	2026-02-25 21:00:00 UTC	27520
2026-02-25	gcp76x	w	21	2026-02-25 21:00:00 UTC	5.6
2026-02-25	gcp76x	h	21	2026-02-25 21:00:00 UTC	88
2026-02-25	gcp76x	p	21	2026-02-25 21:00:00 UTC	1018
2026-02-25	gcp76x	t	21	2026-02-25 21:00:00 UTC	10.65
2026-02-25	gcp76x	w	20	2026-02-25 20:00:00 UTC	4.6
2026-02-25	gcp76x	h	20	2026-02-25 20:00:00 UTC	86
2026-02-25	gcp76x	t	20	2026-02-25 20:00:00 UTC	10.77
2026-02-25	gcp76x	p	20	2026-02-25 20:00:00 UTC	1017
2026-02-25	gcp76x	v	20	2026-02-25 20:00:00 UTC	28150
2026-02-25	gcp76x	h	19	2026-02-25 19:00:00 UTC	84
2026-02-25	gcp76x	p	19	2026-02-25 19:00:00 UTC	1017
2026-02-25	gcp76x	v	19	2026-02-25 19:00:00 UTC	29470
2026-02-25	gcp76x	t	19	2026-02-25 19:00:00 UTC	10.56
2026-02-25	gcp76x	w	19	2026-02-25 19:00:00 UTC	3.6
2026-02-25	gcp76x	p	18	2026-02-25 18:00:00 UTC	1016
2026-02-25	gcp76x	v	18	2026-02-25 18:00:00 UTC	33980
2026-02-25	gcp76x	t	18	2026-02-25 18:00:00 UTC	11.76
2026-02-25	gcp76x	w	18	2026-02-25 18:00:00 UTC	3.4
2026-02-25	gcp76x	h	18	2026-02-25 18:00:00 UTC	77
2026-02-25	gcp76x	v	17	2026-02-25 17:00:00 UTC	36990
2026-02-25	gcp76x	t	17	2026-02-25 17:00:00 UTC	11.99
2026-02-25	gcp76x	h	17	2026-02-25 17:00:00 UTC	74
2026-02-25	gcp76x	p	17	2026-02-25 17:00:00 UTC	1016
2026-02-25	gcp76x	w	17	2026-02-25 17:00:00 UTC	3
2026-02-25	gcp76x	p	16	2026-02-25 16:00:00 UTC	1016
2026-02-25	gcp76x	v	16	2026-02-25 16:00:00 UTC	44680
2026-02-25	gcp76x	t	16	2026-02-25 16:00:00 UTC	14.31
2026-02-25	gcp76x	w	16	2026-02-25 16:00:00 UTC	3.6
2026-02-25	gcp76x	h	16	2026-02-25 16:00:00 UTC	65
2026-02-25	gcp76x	h	15	2026-02-25 15:00:00 UTC	63
2026-02-25	gcp76x	v	15	2026-02-25 15:00:00 UTC	44450
2026-02-25	gcp76x	p	15	2026-02-25 15:00:00 UTC	1015
2026-02-25	gcp76x	w	15	2026-02-25 15:00:00 UTC	4.1
2026-02-25	gcp76x	t	15	2026-02-25 15:00:00 UTC	15.8
2026-02-25	gcp76x	h	14	2026-02-25 14:00:00 UTC	66
2026-02-25	gcp76x	p	14	2026-02-25 14:00:00 UTC	1015
2026-02-25	gcp76x	w	14	2026-02-25 14:00:00 UTC	4.2
2026-02-25	gcp76x	v	14	2026-02-25 14:00:00 UTC	46740
2026-02-25	gcp76x	t	14	2026-02-25 14:00:00 UTC	16
2026-02-25	gcp76x	p	13	2026-02-25 13:00:00 UTC	1015
2026-02-25	gcp76x	w	13	2026-02-25 13:00:00 UTC	3.6
2026-02-25	gcp76x	t	13	2026-02-25 13:00:00 UTC	16.25
2026-02-25	gcp76x	v	13	2026-02-25 13:00:00 UTC	39380
2026-02-25	gcp76x	h	13	2026-02-25 13:00:00 UTC	68
2026-02-25	gcp76x	v	12	2026-02-25 12:00:00 UTC	40090
2026-02-25	gcp76x	h	12	2026-02-25 12:00:00 UTC	71
2026-02-25	gcp76x	w	12	2026-02-25 12:00:00 UTC	4.1
2026-02-25	gcp76x	t	12	2026-02-25 12:00:00 UTC	15.5
2026-02-25	gcp76x	p	12	2026-02-25 12:00:00 UTC	1015
2026-02-25	gcp76x	t	11	2026-02-25 11:00:00 UTC	14.75
2026-02-25	gcp76x	h	11	2026-02-25 11:00:00 UTC	79
2026-02-25	gcp76x	w	11	2026-02-25 11:00:00 UTC	5.2
2026-02-25	gcp76x	p	11	2026-02-25 11:00:00 UTC	1016
2026-02-25	gcp76x	v	11	2026-02-25 11:00:00 UTC	38850
2026-02-25	gcp76x	v	10	2026-02-25 10:00:00 UTC	32980
2026-02-25	gcp76x	h	10	2026-02-25 10:00:00 UTC	88
2026-02-25	gcp76x	t	10	2026-02-25 10:00:00 UTC	13.19
2026-02-25	gcp76x	p	10	2026-02-25 10:00:00 UTC	1016
2026-02-25	gcp76x	w	10	2026-02-25 10:00:00 UTC	3.8
2026-02-25	gcp76x	h	9	2026-02-25 09:00:00 UTC	94
2026-02-25	gcp76x	v	9	2026-02-25 09:00:00 UTC	21200
2026-02-25	gcp76x	w	9	2026-02-25 09:00:00 UTC	4
2026-02-25	gcp76x	t	9	2026-02-25 09:00:00 UTC	11.48
2026-02-25	gcp76x	p	9	2026-02-25 09:00:00 UTC	1015
2026-02-25	gcp76x	t	8	2026-02-25 08:00:00 UTC	10.3
2026-02-25	gcp76x	v	8	2026-02-25 08:00:00 UTC	12530
2026-02-25	gcp76x	p	8	2026-02-25 08:00:00 UTC	1015
2026-02-25	gcp76x	w	8	2026-02-25 08:00:00 UTC	2.9
2026-02-25	gcp76x	h	8	2026-02-25 08:00:00 UTC	97
2026-02-25	gcp76x	w	7	2026-02-25 07:00:00 UTC	3.1
2026-02-25	gcp76x	p	7	2026-02-25 07:00:00 UTC	1015
2026-02-25	gcp76x	t	7	2026-02-25 07:00:00 UTC	9.45
2026-02-25	gcp76x	h	7	2026-02-25 07:00:00 UTC	97
2026-02-25	gcp76x	v	7	2026-02-25 07:00:00 UTC	8500
2026-02-25	gcp76x	p	6	2026-02-25 06:00:00 UTC	1015
2026-02-25	gcp76x	v	6	2026-02-25 06:00:00 UTC	8670
2026-02-25	gcp76x	t	6	2026-02-25 06:00:00 UTC	9.15
2026-02-25	gcp76x	w	6	2026-02-25 06:00:00 UTC	2.6
2026-02-25	gcp76x	h	6	2026-02-25 06:00:00 UTC	97
2026-02-25	gcp76x	w	5	2026-02-25 05:00:00 UTC	4.1
2026-02-25	gcp76x	p	5	2026-02-25 05:00:00 UTC	1014
2026-02-25	gcp76x	h	5	2026-02-25 05:00:00 UTC	97
2026-02-25	gcp76x	t	5	2026-02-25 05:00:00 UTC	9.48
2026-02-25	gcp76x	v	5	2026-02-25 05:00:00 UTC	10120
2026-02-25	gcp76x	v	4	2026-02-25 04:00:00 UTC	7850
2026-02-25	gcp76x	p	4	2026-02-25 04:00:00 UTC	1014
2026-02-25	gcp76x	w	4	2026-02-25 04:00:00 UTC	6
2026-02-25	gcp76x	t	4	2026-02-25 04:00:00 UTC	9.74
2026-02-25	gcp76x	h	4	2026-02-25 04:00:00 UTC	97
2026-02-25	gcp76x	v	3	2026-02-25 03:00:00 UTC	8020
2026-02-25	gcp76x	w	3	2026-02-25 03:00:00 UTC	5.4
2026-02-25	gcp76x	t	3	2026-02-25 03:00:00 UTC	9.89
2026-02-25	gcp76x	p	3	2026-02-25 03:00:00 UTC	1014
2026-02-25	gcp76x	h	3	2026-02-25 03:00:00 UTC	97
2026-02-25	gcp76x	v	2	2026-02-25 02:00:00 UTC	7990
2026-02-25	gcp76x	w	2	2026-02-25 02:00:00 UTC	6.6
2026-02-25	gcp76x	t	2	2026-02-25 02:00:00 UTC	10.05
2026-02-25	gcp76x	p	2	2026-02-25 02:00:00 UTC	1014
2026-02-25	gcp76x	h	2	2026-02-25 02:00:00 UTC	97
2026-02-25	gcp76x	v	1	2026-02-25 01:00:00 UTC	11610
2026-02-25	gcp76x	t	1	2026-02-25 01:00:00 UTC	10.02
2026-02-25	gcp76x	h	1	2026-02-25 01:00:00 UTC	97
2026-02-25	gcp76x	w	1	2026-02-25 01:00:00 UTC	6.5
2026-02-25	gcp76x	p	1	2026-02-25 01:00:00 UTC	1015
2026-02-25	gcp76x	w	0	2026-02-25 00:00:00 UTC	6.4
2026-02-25	gcp76x	t	0	2026-02-25 00:00:00 UTC	10.02
2026-02-25	gcp76x	h	0	2026-02-25 00:00:00 UTC	96
2026-02-25	gcp76x	p	0	2026-02-25 00:00:00 UTC	1015
2026-02-25	gcp76x	v	0	2026-02-25 00:00:00 UTC	12420
2026-02-24	gcp76x	w	23	2026-02-24 23:00:00 UTC	6.9
2026-02-24	gcp76x	t	23	2026-02-24 23:00:00 UTC	10.41
2026-02-24	gcp76x	p	23	2026-02-24 23:00:00 UTC	1015
2026-02-24	gcp76x	v	23	2026-02-24 23:00:00 UTC	15780
2026-02-24	gcp76x	h	23	2026-02-24 23:00:00 UTC	96
2026-02-24	gcp76x	w	22	2026-02-24 22:00:00 UTC	5.5
2026-02-24	gcp76x	v	22	2026-02-24 22:00:00 UTC	14150
2026-02-24	gcp76x	h	22	2026-02-24 22:00:00 UTC	96
2026-02-24	gcp76x	t	22	2026-02-24 22:00:00 UTC	10.13
2026-02-24	gcp76x	p	22	2026-02-24 22:00:00 UTC	1015
2026-02-24	gcp76x	v	21	2026-02-24 21:00:00 UTC	39000
2026-02-24	gcp76x	w	21	2026-02-24 21:00:00 UTC	4.9
2026-02-24	gcp76x	t	21	2026-02-24 21:00:00 UTC	9.79
2026-02-24	gcp76x	p	21	2026-02-24 21:00:00 UTC	1015
2026-02-24	gcp76x	h	21	2026-02-24 21:00:00 UTC	93
2026-02-24	gcp76x	p	20	2026-02-24 20:00:00 UTC	1015
2026-02-24	gcp76x	w	20	2026-02-24 20:00:00 UTC	6.7
2026-02-24	gcp76x	t	20	2026-02-24 20:00:00 UTC	9.81
2026-02-24	gcp76x	h	20	2026-02-24 20:00:00 UTC	93
2026-02-24	gcp76x	v	20	2026-02-24 20:00:00 UTC	39820
2026-02-24	gcp76x	p	19	2026-02-24 19:00:00 UTC	1015
2026-02-24	gcp76x	w	19	2026-02-24 19:00:00 UTC	4.5
2026-02-24	gcp76x	h	19	2026-02-24 19:00:00 UTC	94
2026-02-24	gcp76x	v	19	2026-02-24 19:00:00 UTC	35290
2026-02-24	gcp76x	t	19	2026-02-24 19:00:00 UTC	9.64
2026-02-24	gcp76x	v	18	2026-02-24 18:00:00 UTC	34380
2026-02-24	gcp76x	w	18	2026-02-24 18:00:00 UTC	4.4
2026-02-24	gcp76x	t	18	2026-02-24 18:00:00 UTC	10.02
2026-02-24	gcp76x	h	18	2026-02-24 18:00:00 UTC	92
2026-02-24	gcp76x	p	18	2026-02-24 18:00:00 UTC	1015
2026-02-24	gcp76x	w	17	2026-02-24 17:00:00 UTC	3.8
2026-02-24	gcp76x	t	17	2026-02-24 17:00:00 UTC	10.55
2026-02-24	gcp76x	p	17	2026-02-24 17:00:00 UTC	1015
2026-02-24	gcp76x	v	17	2026-02-24 17:00:00 UTC	39320
2026-02-24	gcp76x	h	17	2026-02-24 17:00:00 UTC	88
2026-02-24	gcp76x	w	16	2026-02-24 16:00:00 UTC	6.8
2026-02-24	gcp76x	p	16	2026-02-24 16:00:00 UTC	1015
2026-02-24	gcp76x	t	16	2026-02-24 16:00:00 UTC	12.32
2026-02-24	gcp76x	h	16	2026-02-24 16:00:00 UTC	81
2026-02-24	gcp76x	v	16	2026-02-24 16:00:00 UTC	44680
2026-02-24	gcp76x	w	15	2026-02-24 15:00:00 UTC	6.7
2026-02-24	gcp76x	t	15	2026-02-24 15:00:00 UTC	13.58
2026-02-24	gcp76x	v	15	2026-02-24 15:00:00 UTC	44670
2026-02-24	gcp76x	h	15	2026-02-24 15:00:00 UTC	76
2026-02-24	gcp76x	p	15	2026-02-24 15:00:00 UTC	1015
2026-02-24	gcp76x	t	14	2026-02-24 14:00:00 UTC	13.79
2026-02-24	gcp76x	p	14	2026-02-24 14:00:00 UTC	1015
2026-02-24	gcp76x	v	14	2026-02-24 14:00:00 UTC	54470
2026-02-24	gcp76x	h	14	2026-02-24 14:00:00 UTC	74
2026-02-24	gcp76x	w	14	2026-02-24 14:00:00 UTC	7.4
2026-02-24	gcp76x	v	13	2026-02-24 13:00:00 UTC	45780
2026-02-24	gcp76x	t	13	2026-02-24 13:00:00 UTC	13.17
2026-02-24	gcp76x	p	13	2026-02-24 13:00:00 UTC	1015
2026-02-24	gcp76x	h	13	2026-02-24 13:00:00 UTC	76
2026-02-24	gcp76x	w	13	2026-02-24 13:00:00 UTC	7.9
2026-02-24	gcp76x	w	12	2026-02-24 12:00:00 UTC	7.9
2026-02-24	gcp76x	v	12	2026-02-24 12:00:00 UTC	44650
2026-02-24	gcp76x	p	12	2026-02-24 12:00:00 UTC	1016
2026-02-24	gcp76x	h	12	2026-02-24 12:00:00 UTC	76
2026-02-24	gcp76x	t	12	2026-02-24 12:00:00 UTC	13.23
2026-02-24	gcp76x	w	11	2026-02-24 11:00:00 UTC	8.9
2026-02-24	gcp76x	p	11	2026-02-24 11:00:00 UTC	1016
2026-02-24	gcp76x	h	11	2026-02-24 11:00:00 UTC	75
2026-02-24	gcp76x	t	11	2026-02-24 11:00:00 UTC	13.22
2026-02-24	gcp76x	v	11	2026-02-24 11:00:00 UTC	53140
2026-02-24	gcp76x	t	10	2026-02-24 10:00:00 UTC	13.13
2026-02-24	gcp76x	p	10	2026-02-24 10:00:00 UTC	1016
2026-02-24	gcp76x	w	10	2026-02-24 10:00:00 UTC	6.9
2026-02-24	gcp76x	v	10	2026-02-24 10:00:00 UTC	56050
2026-02-24	gcp76x	h	10	2026-02-24 10:00:00 UTC	77
2026-02-24	gcp76x	t	9	2026-02-24 09:00:00 UTC	12.72
2026-02-24	gcp76x	p	9	2026-02-24 09:00:00 UTC	1017
2026-02-24	gcp76x	w	9	2026-02-24 09:00:00 UTC	5.6
2026-02-24	gcp76x	v	9	2026-02-24 09:00:00 UTC	46340
2026-02-24	gcp76x	h	9	2026-02-24 09:00:00 UTC	84
2026-02-24	gcp76x	t	8	2026-02-24 08:00:00 UTC	11
2026-02-24	gcp76x	p	8	2026-02-24 08:00:00 UTC	1017
2026-02-24	gcp76x	v	8	2026-02-24 08:00:00 UTC	14450
2026-02-24	gcp76x	h	8	2026-02-24 08:00:00 UTC	94
2026-02-24	gcp76x	w	8	2026-02-24 08:00:00 UTC	5.4
2026-02-24	gcp76x	h	7	2026-02-24 07:00:00 UTC	93
2026-02-24	gcp76x	w	7	2026-02-24 07:00:00 UTC	4.3
2026-02-24	gcp76x	v	7	2026-02-24 07:00:00 UTC	16280
2026-02-24	gcp76x	p	7	2026-02-24 07:00:00 UTC	1018
2026-02-24	gcp76x	t	7	2026-02-24 07:00:00 UTC	10.83
2026-02-24	gcp76x	h	6	2026-02-24 06:00:00 UTC	96
2026-02-24	gcp76x	p	6	2026-02-24 06:00:00 UTC	1018
2026-02-24	gcp76x	t	6	2026-02-24 06:00:00 UTC	10.45
2026-02-24	gcp76x	v	6	2026-02-24 06:00:00 UTC	11110
2026-02-24	gcp76x	w	6	2026-02-24 06:00:00 UTC	3.8
2026-02-24	gcp76x	v	5	2026-02-24 05:00:00 UTC	17200
2026-02-24	gcp76x	t	5	2026-02-24 05:00:00 UTC	10.78
2026-02-24	gcp76x	w	5	2026-02-24 05:00:00 UTC	3.5
2026-02-24	gcp76x	h	5	2026-02-24 05:00:00 UTC	94
2026-02-24	gcp76x	p	5	2026-02-24 05:00:00 UTC	1017
2026-02-24	gcp76x	w	4	2026-02-24 04:00:00 UTC	3.7
2026-02-24	gcp76x	p	4	2026-02-24 04:00:00 UTC	1017
2026-02-24	gcp76x	v	4	2026-02-24 04:00:00 UTC	15050
2026-02-24	gcp76x	t	4	2026-02-24 04:00:00 UTC	10.71
2026-02-24	gcp76x	h	4	2026-02-24 04:00:00 UTC	95
2026-02-24	gcp76x	h	3	2026-02-24 03:00:00 UTC	95
2026-02-24	gcp76x	w	3	2026-02-24 03:00:00 UTC	3.4
2026-02-24	gcp76x	p	3	2026-02-24 03:00:00 UTC	1017
2026-02-24	gcp76x	t	3	2026-02-24 03:00:00 UTC	10.72
2026-02-24	gcp76x	v	3	2026-02-24 03:00:00 UTC	19620
2026-02-24	gcp76x	t	2	2026-02-24 02:00:00 UTC	10.66
2026-02-24	gcp76x	p	2	2026-02-24 02:00:00 UTC	1017
2026-02-24	gcp76x	h	2	2026-02-24 02:00:00 UTC	95
2026-02-24	gcp76x	v	2	2026-02-24 02:00:00 UTC	18190
2026-02-24	gcp76x	w	2	2026-02-24 02:00:00 UTC	4.7
2026-02-24	gcp76x	v	1	2026-02-24 01:00:00 UTC	27320
2026-02-24	gcp76x	w	1	2026-02-24 01:00:00 UTC	4.9
2026-02-24	gcp76x	h	1	2026-02-24 01:00:00 UTC	91
2026-02-24	gcp76x	t	1	2026-02-24 01:00:00 UTC	11.27
2026-02-24	gcp76x	p	1	2026-02-24 01:00:00 UTC	1017
2026-02-24	gcp76x	h	0	2026-02-24 00:00:00 UTC	93
2026-02-24	gcp76x	p	0	2026-02-24 00:00:00 UTC	1017
2026-02-24	gcp76x	w	0	2026-02-24 00:00:00 UTC	5.9
2026-02-24	gcp76x	v	0	2026-02-24 00:00:00 UTC	23350
2026-02-24	gcp76x	t	0	2026-02-24 00:00:00 UTC	11.56
2026-02-23	gcp76x	p	23	2026-02-23 23:00:00 UTC	1016
2026-02-23	gcp76x	w	23	2026-02-23 23:00:00 UTC	5.6
2026-02-23	gcp76x	h	23	2026-02-23 23:00:00 UTC	92
2026-02-23	gcp76x	v	23	2026-02-23 23:00:00 UTC	24820
2026-02-23	gcp76x	t	23	2026-02-23 23:00:00 UTC	11.85
2026-02-23	gcp76x	w	22	2026-02-23 22:00:00 UTC	5.8
2026-02-23	gcp76x	v	22	2026-02-23 22:00:00 UTC	15310
2026-02-23	gcp76x	t	22	2026-02-23 22:00:00 UTC	11.86
2026-02-23	gcp76x	p	22	2026-02-23 22:00:00 UTC	1017
2026-02-23	gcp76x	h	22	2026-02-23 22:00:00 UTC	94
2026-02-23	gcp76x	p	21	2026-02-23 21:00:00 UTC	1016
2026-02-23	gcp76x	t	21	2026-02-23 21:00:00 UTC	11.89
2026-02-23	gcp76x	v	21	2026-02-23 21:00:00 UTC	25720
2026-02-23	gcp76x	w	21	2026-02-23 21:00:00 UTC	6.3
2026-02-23	gcp76x	h	21	2026-02-23 21:00:00 UTC	94
2026-02-23	gcp76x	p	20	2026-02-23 20:00:00 UTC	1016
2026-02-23	gcp76x	t	20	2026-02-23 20:00:00 UTC	11.74
2026-02-23	gcp76x	v	20	2026-02-23 20:00:00 UTC	22180
2026-02-23	gcp76x	w	20	2026-02-23 20:00:00 UTC	6.1
2026-02-23	gcp76x	h	20	2026-02-23 20:00:00 UTC	93
2026-02-23	gcp76x	h	19	2026-02-23 19:00:00 UTC	91
2026-02-23	gcp76x	p	19	2026-02-23 19:00:00 UTC	1016
2026-02-23	gcp76x	v	19	2026-02-23 19:00:00 UTC	36700
2026-02-23	gcp76x	t	19	2026-02-23 19:00:00 UTC	11.79
2026-02-23	gcp76x	w	19	2026-02-23 19:00:00 UTC	5.8
2026-02-23	gcp76x	w	18	2026-02-23 18:00:00 UTC	7
2026-02-23	gcp76x	t	18	2026-02-23 18:00:00 UTC	11.66
2026-02-23	gcp76x	h	18	2026-02-23 18:00:00 UTC	91
2026-02-23	gcp76x	v	18	2026-02-23 18:00:00 UTC	44780
2026-02-23	gcp76x	p	18	2026-02-23 18:00:00 UTC	1015
2026-02-23	gcp76x	w	17	2026-02-23 17:00:00 UTC	5.2
2026-02-23	gcp76x	t	17	2026-02-23 17:00:00 UTC	11.28
2026-02-23	gcp76x	h	17	2026-02-23 17:00:00 UTC	90
2026-02-23	gcp76x	p	17	2026-02-23 17:00:00 UTC	1015
2026-02-23	gcp76x	v	17	2026-02-23 17:00:00 UTC	21690
2026-02-23	gcp76x	t	16	2026-02-23 16:00:00 UTC	11.28
2026-02-23	gcp76x	v	16	2026-02-23 16:00:00 UTC	21740
2026-02-23	gcp76x	p	16	2026-02-23 16:00:00 UTC	1015
2026-02-23	gcp76x	h	16	2026-02-23 16:00:00 UTC	85
2026-02-23	gcp76x	w	16	2026-02-23 16:00:00 UTC	5.9
2026-02-23	gcp76x	t	15	2026-02-23 15:00:00 UTC	11.68
2026-02-23	gcp76x	v	15	2026-02-23 15:00:00 UTC	24450
2026-02-23	gcp76x	p	15	2026-02-23 15:00:00 UTC	1015
2026-02-23	gcp76x	h	15	2026-02-23 15:00:00 UTC	77
2026-02-23	gcp76x	w	15	2026-02-23 15:00:00 UTC	7
2026-02-23	gcp76x	v	14	2026-02-23 14:00:00 UTC	40310
2026-02-23	gcp76x	t	14	2026-02-23 14:00:00 UTC	12.34
2026-02-23	gcp76x	w	14	2026-02-23 14:00:00 UTC	9.4
2026-02-23	gcp76x	p	14	2026-02-23 14:00:00 UTC	1016
2026-02-23	gcp76x	h	14	2026-02-23 14:00:00 UTC	71
2026-02-23	gcp76x	p	13	2026-02-23 13:00:00 UTC	1016
2026-02-23	gcp76x	v	13	2026-02-23 13:00:00 UTC	35460
2026-02-23	gcp76x	h	13	2026-02-23 13:00:00 UTC	69
2026-02-23	gcp76x	t	13	2026-02-23 13:00:00 UTC	12.38
2026-02-23	gcp76x	w	13	2026-02-23 13:00:00 UTC	8.7
2026-02-23	gcp76x	p	12	2026-02-23 12:00:00 UTC	1016
2026-02-23	gcp76x	h	12	2026-02-23 12:00:00 UTC	69
2026-02-23	gcp76x	t	12	2026-02-23 12:00:00 UTC	12.5
2026-02-23	gcp76x	v	12	2026-02-23 12:00:00 UTC	30870
2026-02-23	gcp76x	w	12	2026-02-23 12:00:00 UTC	8.6
2026-02-23	gcp76x	t	11	2026-02-23 11:00:00 UTC	11.36
2026-02-23	gcp76x	h	11	2026-02-23 11:00:00 UTC	75
2026-02-23	gcp76x	v	11	2026-02-23 11:00:00 UTC	26480
2026-02-23	gcp76x	w	11	2026-02-23 11:00:00 UTC	6.1
2026-02-23	gcp76x	p	11	2026-02-23 11:00:00 UTC	1016
2026-02-23	gcp76x	t	10	2026-02-23 10:00:00 UTC	10.28
2026-02-23	gcp76x	h	10	2026-02-23 10:00:00 UTC	81
2026-02-23	gcp76x	p	10	2026-02-23 10:00:00 UTC	1016
2026-02-23	gcp76x	v	10	2026-02-23 10:00:00 UTC	22960
2026-02-23	gcp76x	w	10	2026-02-23 10:00:00 UTC	8.1
2026-02-23	gcp76x	h	9	2026-02-23 09:00:00 UTC	86
2026-02-23	gcp76x	w	9	2026-02-23 09:00:00 UTC	7.6
2026-02-23	gcp76x	v	9	2026-02-23 09:00:00 UTC	21120
2026-02-23	gcp76x	t	9	2026-02-23 09:00:00 UTC	9.69
2026-02-23	gcp76x	p	9	2026-02-23 09:00:00 UTC	1016
2026-02-23	gcp76x	t	8	2026-02-23 08:00:00 UTC	8.78
2026-02-23	gcp76x	v	8	2026-02-23 08:00:00 UTC	19140
2026-02-23	gcp76x	w	8	2026-02-23 08:00:00 UTC	7.5
2026-02-23	gcp76x	p	8	2026-02-23 08:00:00 UTC	1016
2026-02-23	gcp76x	h	8	2026-02-23 08:00:00 UTC	89
2026-02-23	gcp76x	h	7	2026-02-23 07:00:00 UTC	90
2026-02-23	gcp76x	w	7	2026-02-23 07:00:00 UTC	7
2026-02-23	gcp76x	p	7	2026-02-23 07:00:00 UTC	1016
2026-02-23	gcp76x	v	7	2026-02-23 07:00:00 UTC	19650
2026-02-23	gcp76x	t	7	2026-02-23 07:00:00 UTC	7.89
2026-02-23	gcp76x	t	6	2026-02-23 06:00:00 UTC	8.16
2026-02-23	gcp76x	w	6	2026-02-23 06:00:00 UTC	7.6
2026-02-23	gcp76x	v	6	2026-02-23 06:00:00 UTC	20730
2026-02-23	gcp76x	h	6	2026-02-23 06:00:00 UTC	88
2026-02-23	gcp76x	p	6	2026-02-23 06:00:00 UTC	1016
2026-02-23	gcp76x	p	5	2026-02-23 05:00:00 UTC	1016
2026-02-23	gcp76x	t	5	2026-02-23 05:00:00 UTC	7.66
2026-02-23	gcp76x	v	5	2026-02-23 05:00:00 UTC	20510
2026-02-23	gcp76x	h	5	2026-02-23 05:00:00 UTC	89
2026-02-23	gcp76x	w	5	2026-02-23 05:00:00 UTC	7.4
2026-02-23	gcp76x	p	4	2026-02-23 04:00:00 UTC	1016
2026-02-23	gcp76x	h	4	2026-02-23 04:00:00 UTC	90
2026-02-23	gcp76x	w	4	2026-02-23 04:00:00 UTC	6.4
2026-02-23	gcp76x	t	4	2026-02-23 04:00:00 UTC	7.72
2026-02-23	gcp76x	v	4	2026-02-23 04:00:00 UTC	19820
2026-02-23	gcp76x	h	3	2026-02-23 03:00:00 UTC	92
2026-02-23	gcp76x	p	3	2026-02-23 03:00:00 UTC	1016
2026-02-23	gcp76x	w	3	2026-02-23 03:00:00 UTC	5.2
2026-02-23	gcp76x	t	3	2026-02-23 03:00:00 UTC	7.85
2026-02-23	gcp76x	v	3	2026-02-23 03:00:00 UTC	20340
2026-02-23	gcp76x	h	2	2026-02-23 02:00:00 UTC	92
2026-02-23	gcp76x	p	2	2026-02-23 02:00:00 UTC	1016
2026-02-23	gcp76x	w	2	2026-02-23 02:00:00 UTC	5.7
2026-02-23	gcp76x	t	2	2026-02-23 02:00:00 UTC	7.42
2026-02-23	gcp76x	v	2	2026-02-23 02:00:00 UTC	18560
2026-02-23	gcp76x	h	1	2026-02-23 01:00:00 UTC	91
2026-02-23	gcp76x	w	1	2026-02-23 01:00:00 UTC	6.8
2026-02-23	gcp76x	v	1	2026-02-23 01:00:00 UTC	20290
2026-02-23	gcp76x	t	1	2026-02-23 01:00:00 UTC	8.03
2026-02-23	gcp76x	p	1	2026-02-23 01:00:00 UTC	1016
2026-02-23	gcp76x	v	0	2026-02-23 00:00:00 UTC	21870
2026-02-23	gcp76x	t	0	2026-02-23 00:00:00 UTC	8.03
2026-02-23	gcp76x	w	0	2026-02-23 00:00:00 UTC	7.8
2026-02-23	gcp76x	p	0	2026-02-23 00:00:00 UTC	1017
2026-02-23	gcp76x	h	0	2026-02-23 00:00:00 UTC	89
2026-02-22	gcp76x	t	23	2026-02-22 23:00:00 UTC	8.18
2026-02-22	gcp76x	w	23	2026-02-22 23:00:00 UTC	6.3
2026-02-22	gcp76x	p	23	2026-02-22 23:00:00 UTC	1017
2026-02-22	gcp76x	v	23	2026-02-22 23:00:00 UTC	20510
2026-02-22	gcp76x	h	23	2026-02-22 23:00:00 UTC	90
2026-02-22	gcp76x	h	22	2026-02-22 22:00:00 UTC	90
2026-02-22	gcp76x	t	22	2026-02-22 22:00:00 UTC	8.41
2026-02-22	gcp76x	w	22	2026-02-22 22:00:00 UTC	6.7
2026-02-22	gcp76x	v	22	2026-02-22 22:00:00 UTC	21270
2026-02-22	gcp76x	p	22	2026-02-22 22:00:00 UTC	1017
2026-02-22	gcp76x	p	21	2026-02-22 21:00:00 UTC	1017
2026-02-22	gcp76x	v	21	2026-02-22 21:00:00 UTC	19820
2026-02-22	gcp76x	w	21	2026-02-22 21:00:00 UTC	3.8
2026-02-22	gcp76x	h	21	2026-02-22 21:00:00 UTC	93
2026-02-22	gcp76x	t	21	2026-02-22 21:00:00 UTC	8.59
2026-02-22	gcp76x	p	20	2026-02-22 20:00:00 UTC	1017
2026-02-22	gcp76x	v	20	2026-02-22 20:00:00 UTC	22280
2026-02-22	gcp76x	w	20	2026-02-22 20:00:00 UTC	3.8
2026-02-22	gcp76x	h	20	2026-02-22 20:00:00 UTC	92
2026-02-22	gcp76x	t	20	2026-02-22 20:00:00 UTC	8.87
2026-02-22	gcp76x	v	19	2026-02-22 19:00:00 UTC	30660
2026-02-22	gcp76x	t	19	2026-02-22 19:00:00 UTC	9.68
2026-02-22	gcp76x	p	19	2026-02-22 19:00:00 UTC	1017
2026-02-22	gcp76x	w	19	2026-02-22 19:00:00 UTC	5.3
2026-02-22	gcp76x	h	19	2026-02-22 19:00:00 UTC	89
2026-02-22	gcp76x	p	18	2026-02-22 18:00:00 UTC	1017
2026-02-22	gcp76x	w	18	2026-02-22 18:00:00 UTC	6.4
2026-02-22	gcp76x	t	18	2026-02-22 18:00:00 UTC	10.45
2026-02-22	gcp76x	h	18	2026-02-22 18:00:00 UTC	85
2026-02-22	gcp76x	v	18	2026-02-22 18:00:00 UTC	31420
2026-02-22	gcp76x	w	17	2026-02-22 17:00:00 UTC	5.1
2026-02-22	gcp76x	t	17	2026-02-22 17:00:00 UTC	10.65
2026-02-22	gcp76x	p	17	2026-02-22 17:00:00 UTC	1016
2026-02-22	gcp76x	v	17	2026-02-22 17:00:00 UTC	42470
2026-02-22	gcp76x	h	17	2026-02-22 17:00:00 UTC	82
2026-02-22	gcp76x	w	16	2026-02-22 16:00:00 UTC	6
2026-02-22	gcp76x	p	16	2026-02-22 16:00:00 UTC	1016
2026-02-22	gcp76x	h	16	2026-02-22 16:00:00 UTC	72
2026-02-22	gcp76x	v	16	2026-02-22 16:00:00 UTC	41370
2026-02-22	gcp76x	t	16	2026-02-22 16:00:00 UTC	12.19
2026-02-22	gcp76x	h	15	2026-02-22 15:00:00 UTC	69
2026-02-22	gcp76x	v	15	2026-02-22 15:00:00 UTC	41010
2026-02-22	gcp76x	w	15	2026-02-22 15:00:00 UTC	7.5
2026-02-22	gcp76x	t	15	2026-02-22 15:00:00 UTC	12.7
2026-02-22	gcp76x	p	15	2026-02-22 15:00:00 UTC	1016
2026-02-22	gcp76x	w	14	2026-02-22 14:00:00 UTC	6.4
2026-02-22	gcp76x	p	14	2026-02-22 14:00:00 UTC	1016
2026-02-22	gcp76x	t	14	2026-02-22 14:00:00 UTC	12.59
2026-02-22	gcp76x	v	14	2026-02-22 14:00:00 UTC	37430
2026-02-22	gcp76x	h	14	2026-02-22 14:00:00 UTC	72
2026-02-22	gcp76x	w	13	2026-02-22 13:00:00 UTC	6.1
2026-02-22	gcp76x	p	13	2026-02-22 13:00:00 UTC	1016
2026-02-22	gcp76x	t	13	2026-02-22 13:00:00 UTC	12.15
2026-02-22	gcp76x	v	13	2026-02-22 13:00:00 UTC	41200
2026-02-22	gcp76x	h	13	2026-02-22 13:00:00 UTC	80
2026-02-22	gcp76x	h	12	2026-02-22 12:00:00 UTC	83
2026-02-22	gcp76x	p	12	2026-02-22 12:00:00 UTC	1017
2026-02-22	gcp76x	v	12	2026-02-22 12:00:00 UTC	56000
2026-02-22	gcp76x	w	12	2026-02-22 12:00:00 UTC	6.4
2026-02-22	gcp76x	t	12	2026-02-22 12:00:00 UTC	11.97
2026-02-22	gcp76x	p	11	2026-02-22 11:00:00 UTC	1018
2026-02-22	gcp76x	v	11	2026-02-22 11:00:00 UTC	66020
2026-02-22	gcp76x	h	11	2026-02-22 11:00:00 UTC	81
2026-02-22	gcp76x	w	11	2026-02-22 11:00:00 UTC	9.1
2026-02-22	gcp76x	t	11	2026-02-22 11:00:00 UTC	12.31
2026-02-22	gcp76x	p	10	2026-02-22 10:00:00 UTC	1017
2026-02-22	gcp76x	v	10	2026-02-22 10:00:00 UTC	60010
2026-02-22	gcp76x	t	10	2026-02-22 10:00:00 UTC	11.92
2026-02-22	gcp76x	h	10	2026-02-22 10:00:00 UTC	92
2026-02-22	gcp76x	w	10	2026-02-22 10:00:00 UTC	6.7
2026-02-22	gcp76x	p	9	2026-02-22 09:00:00 UTC	1017
2026-02-22	gcp76x	t	9	2026-02-22 09:00:00 UTC	11.78
2026-02-22	gcp76x	v	9	2026-02-22 09:00:00 UTC	30330
2026-02-22	gcp76x	h	9	2026-02-22 09:00:00 UTC	92
2026-02-22	gcp76x	w	9	2026-02-22 09:00:00 UTC	7.7
2026-02-22	gcp76x	w	8	2026-02-22 08:00:00 UTC	8.7
2026-02-22	gcp76x	v	8	2026-02-22 08:00:00 UTC	41710
2026-02-22	gcp76x	p	8	2026-02-22 08:00:00 UTC	1017
2026-02-22	gcp76x	h	8	2026-02-22 08:00:00 UTC	93
2026-02-22	gcp76x	t	8	2026-02-22 08:00:00 UTC	11.44
2026-02-22	gcp76x	w	7	2026-02-22 07:00:00 UTC	8.4
2026-02-22	gcp76x	p	7	2026-02-22 07:00:00 UTC	1017
2026-02-22	gcp76x	v	7	2026-02-22 07:00:00 UTC	6260
2026-02-22	gcp76x	h	7	2026-02-22 07:00:00 UTC	94
2026-02-22	gcp76x	t	7	2026-02-22 07:00:00 UTC	11.27
2026-02-22	gcp76x	w	6	2026-02-22 06:00:00 UTC	8.6
2026-02-22	gcp76x	p	6	2026-02-22 06:00:00 UTC	1016
2026-02-22	gcp76x	v	6	2026-02-22 06:00:00 UTC	46640
2026-02-22	gcp76x	h	6	2026-02-22 06:00:00 UTC	93
2026-02-22	gcp76x	t	6	2026-02-22 06:00:00 UTC	11.42
2026-02-22	gcp76x	h	5	2026-02-22 05:00:00 UTC	95
2026-02-22	gcp76x	w	5	2026-02-22 05:00:00 UTC	7.8
2026-02-22	gcp76x	v	5	2026-02-22 05:00:00 UTC	23290
2026-02-22	gcp76x	t	5	2026-02-22 05:00:00 UTC	11.21
2026-02-22	gcp76x	p	5	2026-02-22 05:00:00 UTC	1016
2026-02-22	gcp76x	w	4	2026-02-22 04:00:00 UTC	7.6
2026-02-22	gcp76x	p	4	2026-02-22 04:00:00 UTC	1017
2026-02-22	gcp76x	h	4	2026-02-22 04:00:00 UTC	96
2026-02-22	gcp76x	v	4	2026-02-22 04:00:00 UTC	3810
2026-02-22	gcp76x	t	4	2026-02-22 04:00:00 UTC	11.09
2026-02-22	gcp76x	h	3	2026-02-22 03:00:00 UTC	95
2026-02-22	gcp76x	p	3	2026-02-22 03:00:00 UTC	1017
2026-02-22	gcp76x	t	3	2026-02-22 03:00:00 UTC	11.17
2026-02-22	gcp76x	v	3	2026-02-22 03:00:00 UTC	9160
2026-02-22	gcp76x	w	3	2026-02-22 03:00:00 UTC	7.3
2026-02-22	gcp76x	h	2	2026-02-22 02:00:00 UTC	94
2026-02-22	gcp76x	p	2	2026-02-22 02:00:00 UTC	1018
2026-02-22	gcp76x	t	2	2026-02-22 02:00:00 UTC	11.11
2026-02-22	gcp76x	v	2	2026-02-22 02:00:00 UTC	10750
2026-02-22	gcp76x	w	2	2026-02-22 02:00:00 UTC	8
2026-02-22	gcp76x	p	1	2026-02-22 01:00:00 UTC	1018
2026-02-22	gcp76x	h	1	2026-02-22 01:00:00 UTC	92
2026-02-22	gcp76x	t	1	2026-02-22 01:00:00 UTC	11.28
2026-02-22	gcp76x	w	1	2026-02-22 01:00:00 UTC	7.5
2026-02-22	gcp76x	v	1	2026-02-22 01:00:00 UTC	39160
2026-02-22	gcp76x	p	0	2026-02-22 00:00:00 UTC	1019
2026-02-22	gcp76x	h	0	2026-02-22 00:00:00 UTC	92
2026-02-22	gcp76x	t	0	2026-02-22 00:00:00 UTC	11.41
2026-02-22	gcp76x	v	0	2026-02-22 00:00:00 UTC	35690
2026-02-22	gcp76x	w	0	2026-02-22 00:00:00 UTC	6.9
2026-02-21	gcp76x	v	23	2026-02-21 23:00:00 UTC	39870
2026-02-21	gcp76x	p	23	2026-02-21 23:00:00 UTC	1019
2026-02-21	gcp76x	h	23	2026-02-21 23:00:00 UTC	93
2026-02-21	gcp76x	t	23	2026-02-21 23:00:00 UTC	11.28
2026-02-21	gcp76x	w	23	2026-02-21 23:00:00 UTC	6.9
2026-02-21	gcp76x	w	22	2026-02-21 22:00:00 UTC	6.2
2026-02-21	gcp76x	t	22	2026-02-21 22:00:00 UTC	11.07
2026-02-21	gcp76x	h	22	2026-02-21 22:00:00 UTC	94
2026-02-21	gcp76x	p	22	2026-02-21 22:00:00 UTC	1019
2026-02-21	gcp76x	v	22	2026-02-21 22:00:00 UTC	27860
2026-02-21	gcp76x	v	21	2026-02-21 21:00:00 UTC	14760
2026-02-21	gcp76x	t	21	2026-02-21 21:00:00 UTC	11.08
2026-02-21	gcp76x	w	21	2026-02-21 21:00:00 UTC	6.1
2026-02-21	gcp76x	p	21	2026-02-21 21:00:00 UTC	1020
2026-02-21	gcp76x	h	21	2026-02-21 21:00:00 UTC	96
2026-02-21	gcp76x	p	20	2026-02-21 20:00:00 UTC	1019
2026-02-21	gcp76x	w	20	2026-02-21 20:00:00 UTC	7
2026-02-21	gcp76x	v	20	2026-02-21 20:00:00 UTC	16940
2026-02-21	gcp76x	t	20	2026-02-21 20:00:00 UTC	11.42
2026-02-21	gcp76x	h	20	2026-02-21 20:00:00 UTC	95
2026-02-21	gcp76x	w	19	2026-02-21 19:00:00 UTC	6.4
2026-02-21	gcp76x	t	19	2026-02-21 19:00:00 UTC	11.92
2026-02-21	gcp76x	v	19	2026-02-21 19:00:00 UTC	43970
2026-02-21	gcp76x	p	19	2026-02-21 19:00:00 UTC	1020
2026-02-21	gcp76x	h	19	2026-02-21 19:00:00 UTC	94
2026-02-21	gcp76x	h	18	2026-02-21 18:00:00 UTC	94
2026-02-21	gcp76x	t	18	2026-02-21 18:00:00 UTC	12.13
2026-02-21	gcp76x	w	18	2026-02-21 18:00:00 UTC	7.6
2026-02-21	gcp76x	v	18	2026-02-21 18:00:00 UTC	16850
2026-02-21	gcp76x	p	18	2026-02-21 18:00:00 UTC	1020
2026-02-21	gcp76x	p	17	2026-02-21 17:00:00 UTC	1019
2026-02-21	gcp76x	t	17	2026-02-21 17:00:00 UTC	12.3
2026-02-21	gcp76x	v	17	2026-02-21 17:00:00 UTC	37570
2026-02-21	gcp76x	h	17	2026-02-21 17:00:00 UTC	92
2026-02-21	gcp76x	w	17	2026-02-21 17:00:00 UTC	6.7
2026-02-21	gcp76x	t	16	2026-02-21 16:00:00 UTC	12.38
2026-02-21	gcp76x	v	16	2026-02-21 16:00:00 UTC	48920
2026-02-21	gcp76x	p	16	2026-02-21 16:00:00 UTC	1019
2026-02-21	gcp76x	w	16	2026-02-21 16:00:00 UTC	6.9
2026-02-21	gcp76x	h	16	2026-02-21 16:00:00 UTC	90
2026-02-21	gcp76x	h	15	2026-02-21 15:00:00 UTC	85
2026-02-21	gcp76x	v	15	2026-02-21 15:00:00 UTC	68750
2026-02-21	gcp76x	p	15	2026-02-21 15:00:00 UTC	1019
2026-02-21	gcp76x	t	15	2026-02-21 15:00:00 UTC	12.81
2026-02-21	gcp76x	w	15	2026-02-21 15:00:00 UTC	6.4
2026-02-21	gcp76x	w	14	2026-02-21 14:00:00 UTC	6.4
2026-02-21	gcp76x	v	14	2026-02-21 14:00:00 UTC	50380
2026-02-21	gcp76x	p	14	2026-02-21 14:00:00 UTC	1019
2026-02-21	gcp76x	t	14	2026-02-21 14:00:00 UTC	12.43
2026-02-21	gcp76x	h	14	2026-02-21 14:00:00 UTC	89
2026-02-21	gcp76x	h	13	2026-02-21 13:00:00 UTC	94
2026-02-21	gcp76x	w	13	2026-02-21 13:00:00 UTC	5.7
2026-02-21	gcp76x	t	13	2026-02-21 13:00:00 UTC	11.74
2026-02-21	gcp76x	p	13	2026-02-21 13:00:00 UTC	1020
2026-02-21	gcp76x	v	13	2026-02-21 13:00:00 UTC	22680
2026-02-21	gcp76x	h	12	2026-02-21 12:00:00 UTC	93
2026-02-21	gcp76x	t	12	2026-02-21 12:00:00 UTC	11.39
2026-02-21	gcp76x	v	12	2026-02-21 12:00:00 UTC	37960
2026-02-21	gcp76x	w	12	2026-02-21 12:00:00 UTC	6.1
2026-02-21	gcp76x	p	12	2026-02-21 12:00:00 UTC	1020
2026-02-21	gcp76x	t	11	2026-02-21 11:00:00 UTC	11.46
2026-02-21	gcp76x	v	11	2026-02-21 11:00:00 UTC	31200
2026-02-21	gcp76x	w	11	2026-02-21 11:00:00 UTC	6.4
2026-02-21	gcp76x	h	11	2026-02-21 11:00:00 UTC	90
2026-02-21	gcp76x	p	11	2026-02-21 11:00:00 UTC	1021
2026-02-21	gcp76x	p	10	2026-02-21 10:00:00 UTC	1021
2026-02-21	gcp76x	t	10	2026-02-21 10:00:00 UTC	10.59
2026-02-21	gcp76x	h	10	2026-02-21 10:00:00 UTC	90
2026-02-21	gcp76x	w	10	2026-02-21 10:00:00 UTC	8.4
2026-02-21	gcp76x	v	10	2026-02-21 10:00:00 UTC	18480
2026-02-21	gcp76x	w	9	2026-02-21 09:00:00 UTC	6.9
2026-02-21	gcp76x	p	9	2026-02-21 09:00:00 UTC	1021
2026-02-21	gcp76x	v	9	2026-02-21 09:00:00 UTC	13380
2026-02-21	gcp76x	h	9	2026-02-21 09:00:00 UTC	91
2026-02-21	gcp76x	t	9	2026-02-21 09:00:00 UTC	9.66
2026-02-21	gcp76x	h	8	2026-02-21 08:00:00 UTC	90
2026-02-21	gcp76x	t	8	2026-02-21 08:00:00 UTC	9.18
2026-02-21	gcp76x	p	8	2026-02-21 08:00:00 UTC	1021
2026-02-21	gcp76x	w	8	2026-02-21 08:00:00 UTC	6.7
2026-02-21	gcp76x	v	8	2026-02-21 08:00:00 UTC	15380
2026-02-21	gcp76x	t	7	2026-02-21 07:00:00 UTC	8.84
2026-02-21	gcp76x	p	7	2026-02-21 07:00:00 UTC	1021
2026-02-21	gcp76x	w	7	2026-02-21 07:00:00 UTC	6.4
2026-02-21	gcp76x	h	7	2026-02-21 07:00:00 UTC	91
2026-02-21	gcp76x	v	7	2026-02-21 07:00:00 UTC	14710
2026-02-21	gcp76x	p	6	2026-02-21 06:00:00 UTC	1020
2026-02-21	gcp76x	h	6	2026-02-21 06:00:00 UTC	89
2026-02-21	gcp76x	t	6	2026-02-21 06:00:00 UTC	9.15
2026-02-21	gcp76x	v	6	2026-02-21 06:00:00 UTC	15800
2026-02-21	gcp76x	w	6	2026-02-21 06:00:00 UTC	6.2
2026-02-21	gcp76x	p	5	2026-02-21 05:00:00 UTC	1019
2026-02-21	gcp76x	w	5	2026-02-21 05:00:00 UTC	6.7
2026-02-21	gcp76x	h	5	2026-02-21 05:00:00 UTC	89
2026-02-21	gcp76x	t	5	2026-02-21 05:00:00 UTC	9.28
2026-02-21	gcp76x	v	5	2026-02-21 05:00:00 UTC	15590
2026-02-21	gcp76x	h	4	2026-02-21 04:00:00 UTC	89
2026-02-21	gcp76x	t	4	2026-02-21 04:00:00 UTC	9.33
2026-02-21	gcp76x	v	4	2026-02-21 04:00:00 UTC	14420
2026-02-21	gcp76x	p	4	2026-02-21 04:00:00 UTC	1019
2026-02-21	gcp76x	w	4	2026-02-21 04:00:00 UTC	7.9
2026-02-21	gcp76x	t	3	2026-02-21 03:00:00 UTC	9.38
2026-02-21	gcp76x	w	3	2026-02-21 03:00:00 UTC	6.8
2026-02-21	gcp76x	p	3	2026-02-21 03:00:00 UTC	1018
2026-02-21	gcp76x	v	3	2026-02-21 03:00:00 UTC	12880
2026-02-21	gcp76x	h	3	2026-02-21 03:00:00 UTC	90
2026-02-21	gcp76x	w	2	2026-02-21 02:00:00 UTC	6
2026-02-21	gcp76x	v	2	2026-02-21 02:00:00 UTC	10290
2026-02-21	gcp76x	p	2	2026-02-21 02:00:00 UTC	1018
2026-02-21	gcp76x	h	2	2026-02-21 02:00:00 UTC	95
2026-02-21	gcp76x	t	2	2026-02-21 02:00:00 UTC	9
2026-02-21	gcp76x	w	1	2026-02-21 01:00:00 UTC	4.9
2026-02-21	gcp76x	v	1	2026-02-21 01:00:00 UTC	2970
2026-02-21	gcp76x	p	1	2026-02-21 01:00:00 UTC	1019
2026-02-21	gcp76x	h	1	2026-02-21 01:00:00 UTC	94
2026-02-21	gcp76x	t	1	2026-02-21 01:00:00 UTC	8.57
2026-02-21	gcp76x	v	0	2026-02-21 00:00:00 UTC	13440
2026-02-21	gcp76x	p	0	2026-02-21 00:00:00 UTC	1018
2026-02-21	gcp76x	h	0	2026-02-21 00:00:00 UTC	82
2026-02-21	gcp76x	t	0	2026-02-21 00:00:00 UTC	9.42
2026-02-21	gcp76x	w	0	2026-02-21 00:00:00 UTC	7.8
2026-02-20	gcp76x	t	23	2026-02-20 23:00:00 UTC	8.59
2026-02-20	gcp76x	p	23	2026-02-20 23:00:00 UTC	1018
2026-02-20	gcp76x	v	23	2026-02-20 23:00:00 UTC	10750
2026-02-20	gcp76x	w	23	2026-02-20 23:00:00 UTC	4.9
2026-02-20	gcp76x	h	23	2026-02-20 23:00:00 UTC	84
2026-02-20	gcp76x	t	22	2026-02-20 22:00:00 UTC	8.6
2026-02-20	gcp76x	p	22	2026-02-20 22:00:00 UTC	1017
2026-02-20	gcp76x	v	22	2026-02-20 22:00:00 UTC	9460
2026-02-20	gcp76x	h	22	2026-02-20 22:00:00 UTC	86
2026-02-20	gcp76x	w	22	2026-02-20 22:00:00 UTC	5.3
2026-02-20	gcp76x	h	21	2026-02-20 21:00:00 UTC	83
2026-02-20	gcp76x	v	21	2026-02-20 21:00:00 UTC	10580
2026-02-20	gcp76x	p	21	2026-02-20 21:00:00 UTC	1017
2026-02-20	gcp76x	w	21	2026-02-20 21:00:00 UTC	7.5
2026-02-20	gcp76x	t	21	2026-02-20 21:00:00 UTC	9.02
2026-02-20	gcp76x	w	20	2026-02-20 20:00:00 UTC	8
2026-02-20	gcp76x	t	20	2026-02-20 20:00:00 UTC	9.62
2026-02-20	gcp76x	v	20	2026-02-20 20:00:00 UTC	12390
2026-02-20	gcp76x	p	20	2026-02-20 20:00:00 UTC	1016
2026-02-20	gcp76x	h	20	2026-02-20 20:00:00 UTC	78
2026-02-20	gcp76x	v	19	2026-02-20 19:00:00 UTC	14700
2026-02-20	gcp76x	h	19	2026-02-20 19:00:00 UTC	75
2026-02-20	gcp76x	p	19	2026-02-20 19:00:00 UTC	1015
2026-02-20	gcp76x	t	19	2026-02-20 19:00:00 UTC	10.22
2026-02-20	gcp76x	w	19	2026-02-20 19:00:00 UTC	9
2026-02-20	gcp76x	w	18	2026-02-20 18:00:00 UTC	11
2026-02-20	gcp76x	p	18	2026-02-20 18:00:00 UTC	1015
2026-02-20	gcp76x	t	18	2026-02-20 18:00:00 UTC	10.69
2026-02-20	gcp76x	v	18	2026-02-20 18:00:00 UTC	16240
2026-02-20	gcp76x	h	18	2026-02-20 18:00:00 UTC	71
2026-02-20	gcp76x	v	17	2026-02-20 17:00:00 UTC	22050
2026-02-20	gcp76x	p	17	2026-02-20 17:00:00 UTC	1014
2026-02-20	gcp76x	h	17	2026-02-20 17:00:00 UTC	68
2026-02-20	gcp76x	w	17	2026-02-20 17:00:00 UTC	10.2
2026-02-20	gcp76x	t	17	2026-02-20 17:00:00 UTC	11.24
2026-02-20	gcp76x	h	16	2026-02-20 16:00:00 UTC	86
2026-02-20	gcp76x	t	16	2026-02-20 16:00:00 UTC	11.03
2026-02-20	gcp76x	v	16	2026-02-20 16:00:00 UTC	34420
2026-02-20	gcp76x	p	16	2026-02-20 16:00:00 UTC	1013
2026-02-20	gcp76x	w	16	2026-02-20 16:00:00 UTC	6.5
2026-02-20	gcp76x	p	15	2026-02-20 15:00:00 UTC	1013
2026-02-20	gcp76x	h	15	2026-02-20 15:00:00 UTC	87
2026-02-20	gcp76x	w	15	2026-02-20 15:00:00 UTC	9.2
2026-02-20	gcp76x	v	15	2026-02-20 15:00:00 UTC	47560
2026-02-20	gcp76x	t	15	2026-02-20 15:00:00 UTC	11.01
2026-02-20	gcp76x	t	14	2026-02-20 14:00:00 UTC	10.42
2026-02-20	gcp76x	h	14	2026-02-20 14:00:00 UTC	93
2026-02-20	gcp76x	w	14	2026-02-20 14:00:00 UTC	8.3
2026-02-20	gcp76x	p	14	2026-02-20 14:00:00 UTC	1014
2026-02-20	gcp76x	v	14	2026-02-20 14:00:00 UTC	43490
2026-02-20	gcp76x	v	13	2026-02-20 13:00:00 UTC	4010
2026-02-20	gcp76x	p	13	2026-02-20 13:00:00 UTC	1014
2026-02-20	gcp76x	h	13	2026-02-20 13:00:00 UTC	95
2026-02-20	gcp76x	w	13	2026-02-20 13:00:00 UTC	9.6
2026-02-20	gcp76x	t	13	2026-02-20 13:00:00 UTC	9.87
2026-02-20	gcp76x	v	12	2026-02-20 12:00:00 UTC	17290
2026-02-20	gcp76x	p	12	2026-02-20 12:00:00 UTC	1016
2026-02-20	gcp76x	h	12	2026-02-20 12:00:00 UTC	90
2026-02-20	gcp76x	w	12	2026-02-20 12:00:00 UTC	9.4
2026-02-20	gcp76x	t	12	2026-02-20 12:00:00 UTC	9.58
2026-02-20	gcp76x	p	11	2026-02-20 11:00:00 UTC	1017
2026-02-20	gcp76x	t	11	2026-02-20 11:00:00 UTC	9.65
2026-02-20	gcp76x	w	11	2026-02-20 11:00:00 UTC	7.5
2026-02-20	gcp76x	h	11	2026-02-20 11:00:00 UTC	82
2026-02-20	gcp76x	v	11	2026-02-20 11:00:00 UTC	22660
2026-02-20	gcp76x	w	10	2026-02-20 10:00:00 UTC	7.2
2026-02-20	gcp76x	p	10	2026-02-20 10:00:00 UTC	1018
2026-02-20	gcp76x	h	10	2026-02-20 10:00:00 UTC	80
2026-02-20	gcp76x	t	10	2026-02-20 10:00:00 UTC	9.33
2026-02-20	gcp76x	v	10	2026-02-20 10:00:00 UTC	23470
2026-02-20	gcp76x	w	9	2026-02-20 09:00:00 UTC	7.5
2026-02-20	gcp76x	p	9	2026-02-20 09:00:00 UTC	1018
2026-02-20	gcp76x	v	9	2026-02-20 09:00:00 UTC	22320
2026-02-20	gcp76x	t	9	2026-02-20 09:00:00 UTC	7.98
2026-02-20	gcp76x	h	9	2026-02-20 09:00:00 UTC	84
2026-02-20	gcp76x	p	8	2026-02-20 08:00:00 UTC	1018
2026-02-20	gcp76x	w	8	2026-02-20 08:00:00 UTC	5.7
2026-02-20	gcp76x	t	8	2026-02-20 08:00:00 UTC	6.67
2026-02-20	gcp76x	v	8	2026-02-20 08:00:00 UTC	24440
2026-02-20	gcp76x	h	8	2026-02-20 08:00:00 UTC	87
2026-02-20	gcp76x	t	7	2026-02-20 07:00:00 UTC	5.09
2026-02-20	gcp76x	v	7	2026-02-20 07:00:00 UTC	23880
2026-02-20	gcp76x	w	7	2026-02-20 07:00:00 UTC	4.6
2026-02-20	gcp76x	p	7	2026-02-20 07:00:00 UTC	1018
2026-02-20	gcp76x	h	7	2026-02-20 07:00:00 UTC	90
2026-02-20	gcp76x	t	6	2026-02-20 06:00:00 UTC	5.23
2026-02-20	gcp76x	w	6	2026-02-20 06:00:00 UTC	3.9
2026-02-20	gcp76x	v	6	2026-02-20 06:00:00 UTC	22630
2026-02-20	gcp76x	h	6	2026-02-20 06:00:00 UTC	91
2026-02-20	gcp76x	p	6	2026-02-20 06:00:00 UTC	1018
2026-02-20	gcp76x	t	5	2026-02-20 05:00:00 UTC	5.11
2026-02-20	gcp76x	v	5	2026-02-20 05:00:00 UTC	17070
2026-02-20	gcp76x	h	5	2026-02-20 05:00:00 UTC	90
2026-02-20	gcp76x	p	5	2026-02-20 05:00:00 UTC	1018
2026-02-20	gcp76x	w	5	2026-02-20 05:00:00 UTC	4.4
2026-02-20	gcp76x	t	4	2026-02-20 04:00:00 UTC	4.67
2026-02-20	gcp76x	v	4	2026-02-20 04:00:00 UTC	10660
2026-02-20	gcp76x	h	4	2026-02-20 04:00:00 UTC	94
2026-02-20	gcp76x	p	4	2026-02-20 04:00:00 UTC	1018
2026-02-20	gcp76x	w	4	2026-02-20 04:00:00 UTC	4.8
2026-02-20	gcp76x	v	3	2026-02-20 03:00:00 UTC	10340
2026-02-20	gcp76x	h	3	2026-02-20 03:00:00 UTC	94
2026-02-20	gcp76x	w	3	2026-02-20 03:00:00 UTC	3.7
2026-02-20	gcp76x	t	3	2026-02-20 03:00:00 UTC	3.87
2026-02-20	gcp76x	p	3	2026-02-20 03:00:00 UTC	1017
2026-02-20	gcp76x	v	2	2026-02-20 02:00:00 UTC	13770
2026-02-20	gcp76x	t	2	2026-02-20 02:00:00 UTC	4.33
2026-02-20	gcp76x	w	2	2026-02-20 02:00:00 UTC	3.5
2026-02-20	gcp76x	p	2	2026-02-20 02:00:00 UTC	1017
2026-02-20	gcp76x	h	2	2026-02-20 02:00:00 UTC	90
2026-02-20	gcp76x	p	1	2026-02-20 01:00:00 UTC	1016
2026-02-20	gcp76x	t	1	2026-02-20 01:00:00 UTC	4.71
2026-02-20	gcp76x	w	1	2026-02-20 01:00:00 UTC	3.7
2026-02-20	gcp76x	v	1	2026-02-20 01:00:00 UTC	20450
2026-02-20	gcp76x	h	1	2026-02-20 01:00:00 UTC	88
2026-02-20	gcp76x	v	0	2026-02-20 00:00:00 UTC	26020
2026-02-20	gcp76x	w	0	2026-02-20 00:00:00 UTC	2.9
2026-02-20	gcp76x	p	0	2026-02-20 00:00:00 UTC	1016
2026-02-20	gcp76x	h	0	2026-02-20 00:00:00 UTC	85
2026-02-20	gcp76x	t	0	2026-02-20 00:00:00 UTC	4.78
2026-02-19	gcp76x	h	23	2026-02-19 23:00:00 UTC	85
2026-02-19	gcp76x	w	23	2026-02-19 23:00:00 UTC	3.8
2026-02-19	gcp76x	v	23	2026-02-19 23:00:00 UTC	31270
2026-02-19	gcp76x	t	23	2026-02-19 23:00:00 UTC	4.53
2026-02-19	gcp76x	p	23	2026-02-19 23:00:00 UTC	1015
2026-02-19	gcp76x	h	22	2026-02-19 22:00:00 UTC	83
2026-02-19	gcp76x	w	22	2026-02-19 22:00:00 UTC	3.6
2026-02-19	gcp76x	v	22	2026-02-19 22:00:00 UTC	38260
2026-02-19	gcp76x	t	22	2026-02-19 22:00:00 UTC	4.43
2026-02-19	gcp76x	p	22	2026-02-19 22:00:00 UTC	1015
2026-02-19	gcp76x	w	21	2026-02-19 21:00:00 UTC	4.6
2026-02-19	gcp76x	p	21	2026-02-19 21:00:00 UTC	1014
2026-02-19	gcp76x	v	21	2026-02-19 21:00:00 UTC	32770
2026-02-19	gcp76x	t	21	2026-02-19 21:00:00 UTC	4.38
2026-02-19	gcp76x	h	21	2026-02-19 21:00:00 UTC	82
2026-02-19	gcp76x	w	20	2026-02-19 20:00:00 UTC	4
2026-02-19	gcp76x	v	20	2026-02-19 20:00:00 UTC	21040
2026-02-19	gcp76x	h	20	2026-02-19 20:00:00 UTC	87
2026-02-19	gcp76x	t	20	2026-02-19 20:00:00 UTC	4.22
2026-02-19	gcp76x	p	20	2026-02-19 20:00:00 UTC	1013
2026-02-19	gcp76x	w	19	2026-02-19 19:00:00 UTC	3.4
2026-02-19	gcp76x	t	19	2026-02-19 19:00:00 UTC	4.13
2026-02-19	gcp76x	p	19	2026-02-19 19:00:00 UTC	1012
2026-02-19	gcp76x	v	19	2026-02-19 19:00:00 UTC	25130
2026-02-19	gcp76x	h	19	2026-02-19 19:00:00 UTC	88
2026-02-19	gcp76x	v	18	2026-02-19 18:00:00 UTC	18040
2026-02-19	gcp76x	t	18	2026-02-19 18:00:00 UTC	4.07
2026-02-19	gcp76x	p	18	2026-02-19 18:00:00 UTC	1011
2026-02-19	gcp76x	w	18	2026-02-19 18:00:00 UTC	4
2026-02-19	gcp76x	h	18	2026-02-19 18:00:00 UTC	91
2026-02-19	gcp76x	h	17	2026-02-19 17:00:00 UTC	93
2026-02-19	gcp76x	w	17	2026-02-19 17:00:00 UTC	3.9
2026-02-19	gcp76x	v	17	2026-02-19 17:00:00 UTC	13700
2026-02-19	gcp76x	t	17	2026-02-19 17:00:00 UTC	4
2026-02-19	gcp76x	p	17	2026-02-19 17:00:00 UTC	1009
2026-02-19	gcp76x	p	16	2026-02-19 16:00:00 UTC	1007
2026-02-19	gcp76x	w	16	2026-02-19 16:00:00 UTC	4.6
2026-02-19	gcp76x	t	16	2026-02-19 16:00:00 UTC	4.09
2026-02-19	gcp76x	h	16	2026-02-19 16:00:00 UTC	94
2026-02-19	gcp76x	v	16	2026-02-19 16:00:00 UTC	13050
2026-02-19	gcp76x	w	15	2026-02-19 15:00:00 UTC	5.3
2026-02-19	gcp76x	p	15	2026-02-19 15:00:00 UTC	1006
2026-02-19	gcp76x	t	15	2026-02-19 15:00:00 UTC	3.95
2026-02-19	gcp76x	h	15	2026-02-19 15:00:00 UTC	96
2026-02-19	gcp76x	v	15	2026-02-19 15:00:00 UTC	4630
2026-02-19	gcp76x	p	14	2026-02-19 14:00:00 UTC	1005
2026-02-19	gcp76x	w	14	2026-02-19 14:00:00 UTC	5.9
2026-02-19	gcp76x	h	14	2026-02-19 14:00:00 UTC	96
2026-02-19	gcp76x	v	14	2026-02-19 14:00:00 UTC	8840
2026-02-19	gcp76x	t	14	2026-02-19 14:00:00 UTC	4.28
2026-02-19	gcp76x	v	13	2026-02-19 13:00:00 UTC	11200
2026-02-19	gcp76x	w	13	2026-02-19 13:00:00 UTC	5.9
2026-02-19	gcp76x	h	13	2026-02-19 13:00:00 UTC	98
2026-02-19	gcp76x	p	13	2026-02-19 13:00:00 UTC	1004
2026-02-19	gcp76x	t	13	2026-02-19 13:00:00 UTC	4.3
2026-02-19	gcp76x	t	12	2026-02-19 12:00:00 UTC	4.47
2026-02-19	gcp76x	w	12	2026-02-19 12:00:00 UTC	5.5
2026-02-19	gcp76x	p	12	2026-02-19 12:00:00 UTC	1002
2026-02-19	gcp76x	h	12	2026-02-19 12:00:00 UTC	99
2026-02-19	gcp76x	v	12	2026-02-19 12:00:00 UTC	7020
2026-02-19	gcp76x	t	11	2026-02-19 11:00:00 UTC	4.64
2026-02-19	gcp76x	h	11	2026-02-19 11:00:00 UTC	100
2026-02-19	gcp76x	p	11	2026-02-19 11:00:00 UTC	1001
2026-02-19	gcp76x	v	11	2026-02-19 11:00:00 UTC	2400
2026-02-19	gcp76x	w	11	2026-02-19 11:00:00 UTC	4.7
2026-02-19	gcp76x	t	10	2026-02-19 10:00:00 UTC	4.58
2026-02-19	gcp76x	h	10	2026-02-19 10:00:00 UTC	100
2026-02-19	gcp76x	p	10	2026-02-19 10:00:00 UTC	1000
2026-02-19	gcp76x	v	10	2026-02-19 10:00:00 UTC	1700
2026-02-19	gcp76x	w	10	2026-02-19 10:00:00 UTC	5.2
2026-02-19	gcp76x	t	9	2026-02-19 09:00:00 UTC	4.89
2026-02-19	gcp76x	v	9	2026-02-19 09:00:00 UTC	1600
2026-02-19	gcp76x	w	9	2026-02-19 09:00:00 UTC	4.5
2026-02-19	gcp76x	h	9	2026-02-19 09:00:00 UTC	100
2026-02-19	gcp76x	p	9	2026-02-19 09:00:00 UTC	998
2026-02-19	gcp76x	h	8	2026-02-19 08:00:00 UTC	100
2026-02-19	gcp76x	t	8	2026-02-19 08:00:00 UTC	5.17
2026-02-19	gcp76x	p	8	2026-02-19 08:00:00 UTC	996
2026-02-19	gcp76x	v	8	2026-02-19 08:00:00 UTC	860
2026-02-19	gcp76x	w	8	2026-02-19 08:00:00 UTC	3.4
2026-02-19	gcp76x	t	7	2026-02-19 07:00:00 UTC	4.88
2026-02-19	gcp76x	h	7	2026-02-19 07:00:00 UTC	100
2026-02-19	gcp76x	p	7	2026-02-19 07:00:00 UTC	995
2026-02-19	gcp76x	v	7	2026-02-19 07:00:00 UTC	640
2026-02-19	gcp76x	w	7	2026-02-19 07:00:00 UTC	3.1
2026-02-19	gcp76x	p	6	2026-02-19 06:00:00 UTC	994
2026-02-19	gcp76x	v	6	2026-02-19 06:00:00 UTC	370
2026-02-19	gcp76x	t	6	2026-02-19 06:00:00 UTC	4.76
2026-02-19	gcp76x	h	6	2026-02-19 06:00:00 UTC	100
2026-02-19	gcp76x	w	6	2026-02-19 06:00:00 UTC	2.2
2026-02-19	gcp76x	p	5	2026-02-19 05:00:00 UTC	993
2026-02-19	gcp76x	t	5	2026-02-19 05:00:00 UTC	4.64
2026-02-19	gcp76x	h	5	2026-02-19 05:00:00 UTC	99
2026-02-19	gcp76x	v	5	2026-02-19 05:00:00 UTC	330
2026-02-19	gcp76x	w	5	2026-02-19 05:00:00 UTC	2.7
2026-02-19	gcp76x	p	4	2026-02-19 04:00:00 UTC	992
2026-02-19	gcp76x	v	4	2026-02-19 04:00:00 UTC	430
2026-02-19	gcp76x	h	4	2026-02-19 04:00:00 UTC	99
2026-02-19	gcp76x	w	4	2026-02-19 04:00:00 UTC	3.2
2026-02-19	gcp76x	t	4	2026-02-19 04:00:00 UTC	4.54
2026-02-19	gcp76x	t	3	2026-02-19 03:00:00 UTC	4.58
2026-02-19	gcp76x	p	3	2026-02-19 03:00:00 UTC	991
2026-02-19	gcp76x	h	3	2026-02-19 03:00:00 UTC	99
2026-02-19	gcp76x	v	3	2026-02-19 03:00:00 UTC	1610
2026-02-19	gcp76x	w	3	2026-02-19 03:00:00 UTC	2.9
2026-02-19	gcp76x	w	2	2026-02-19 02:00:00 UTC	2.9
2026-02-19	gcp76x	h	2	2026-02-19 02:00:00 UTC	98
2026-02-19	gcp76x	p	2	2026-02-19 02:00:00 UTC	991
2026-02-19	gcp76x	v	2	2026-02-19 02:00:00 UTC	5430
2026-02-19	gcp76x	t	2	2026-02-19 02:00:00 UTC	4.78
2026-02-19	gcp76x	w	1	2026-02-19 01:00:00 UTC	3.6
2026-02-19	gcp76x	v	1	2026-02-19 01:00:00 UTC	10860
2026-02-19	gcp76x	t	1	2026-02-19 01:00:00 UTC	4.95
2026-02-19	gcp76x	p	1	2026-02-19 01:00:00 UTC	991
2026-02-19	gcp76x	h	1	2026-02-19 01:00:00 UTC	98
2026-02-19	gcp76x	v	0	2026-02-19 00:00:00 UTC	3940
2026-02-19	gcp76x	p	0	2026-02-19 00:00:00 UTC	990
2026-02-19	gcp76x	h	0	2026-02-19 00:00:00 UTC	98
2026-02-19	gcp76x	w	0	2026-02-19 00:00:00 UTC	4.1
2026-02-19	gcp76x	t	0	2026-02-19 00:00:00 UTC	5.02
2026-02-18	gcp76x	p	23	2026-02-18 23:00:00 UTC	990
2026-02-18	gcp76x	h	23	2026-02-18 23:00:00 UTC	98
2026-02-18	gcp76x	w	23	2026-02-18 23:00:00 UTC	4.9
2026-02-18	gcp76x	t	23	2026-02-18 23:00:00 UTC	4.99
2026-02-18	gcp76x	v	23	2026-02-18 23:00:00 UTC	7920
2026-02-18	gcp76x	t	22	2026-02-18 22:00:00 UTC	4.8
2026-02-18	gcp76x	p	22	2026-02-18 22:00:00 UTC	990
2026-02-18	gcp76x	h	22	2026-02-18 22:00:00 UTC	98
2026-02-18	gcp76x	w	22	2026-02-18 22:00:00 UTC	5
2026-02-18	gcp76x	v	22	2026-02-18 22:00:00 UTC	7190
2026-02-18	gcp76x	w	21	2026-02-18 21:00:00 UTC	6.4
2026-02-18	gcp76x	v	21	2026-02-18 21:00:00 UTC	9870
2026-02-18	gcp76x	h	21	2026-02-18 21:00:00 UTC	97
2026-02-18	gcp76x	p	21	2026-02-18 21:00:00 UTC	990
2026-02-18	gcp76x	t	21	2026-02-18 21:00:00 UTC	4.65
2026-02-18	gcp76x	p	20	2026-02-18 20:00:00 UTC	991
2026-02-18	gcp76x	h	20	2026-02-18 20:00:00 UTC	96
2026-02-18	gcp76x	w	20	2026-02-18 20:00:00 UTC	6.6
2026-02-18	gcp76x	v	20	2026-02-18 20:00:00 UTC	8120
2026-02-18	gcp76x	t	20	2026-02-18 20:00:00 UTC	4.58
2026-02-18	gcp76x	p	19	2026-02-18 19:00:00 UTC	992
2026-02-18	gcp76x	h	19	2026-02-18 19:00:00 UTC	95
2026-02-18	gcp76x	w	19	2026-02-18 19:00:00 UTC	8.6
2026-02-18	gcp76x	t	19	2026-02-18 19:00:00 UTC	4.57
2026-02-18	gcp76x	v	19	2026-02-18 19:00:00 UTC	11620
2026-02-18	gcp76x	t	18	2026-02-18 18:00:00 UTC	4.48
2026-02-18	gcp76x	w	18	2026-02-18 18:00:00 UTC	8.8
2026-02-18	gcp76x	v	18	2026-02-18 18:00:00 UTC	13500
2026-02-18	gcp76x	p	18	2026-02-18 18:00:00 UTC	993
2026-02-18	gcp76x	h	18	2026-02-18 18:00:00 UTC	94
2026-02-18	gcp76x	p	17	2026-02-18 17:00:00 UTC	994
2026-02-18	gcp76x	t	17	2026-02-18 17:00:00 UTC	4.27
2026-02-18	gcp76x	w	17	2026-02-18 17:00:00 UTC	9.1
2026-02-18	gcp76x	v	17	2026-02-18 17:00:00 UTC	9740
2026-02-18	gcp76x	h	17	2026-02-18 17:00:00 UTC	94
2026-02-18	gcp76x	p	16	2026-02-18 16:00:00 UTC	995
2026-02-18	gcp76x	t	16	2026-02-18 16:00:00 UTC	4.12
2026-02-18	gcp76x	h	16	2026-02-18 16:00:00 UTC	94
2026-02-18	gcp76x	w	16	2026-02-18 16:00:00 UTC	7.7
2026-02-18	gcp76x	v	16	2026-02-18 16:00:00 UTC	7440
2026-02-18	gcp76x	h	15	2026-02-18 15:00:00 UTC	92
2026-02-18	gcp76x	t	15	2026-02-18 15:00:00 UTC	4.3
2026-02-18	gcp76x	p	15	2026-02-18 15:00:00 UTC	996
2026-02-18	gcp76x	w	15	2026-02-18 15:00:00 UTC	9.4
2026-02-18	gcp76x	v	15	2026-02-18 15:00:00 UTC	4480
2026-02-18	gcp76x	w	14	2026-02-18 14:00:00 UTC	9.6
2026-02-18	gcp76x	t	14	2026-02-18 14:00:00 UTC	4.81
2026-02-18	gcp76x	h	14	2026-02-18 14:00:00 UTC	82
2026-02-18	gcp76x	v	14	2026-02-18 14:00:00 UTC	41840
2026-02-18	gcp76x	p	14	2026-02-18 14:00:00 UTC	998
2026-02-18	gcp76x	h	13	2026-02-18 13:00:00 UTC	84
2026-02-18	gcp76x	v	13	2026-02-18 13:00:00 UTC	39370
2026-02-18	gcp76x	p	13	2026-02-18 13:00:00 UTC	999
2026-02-18	gcp76x	w	13	2026-02-18 13:00:00 UTC	10.2
2026-02-18	gcp76x	t	13	2026-02-18 13:00:00 UTC	4.46
2026-02-18	gcp76x	h	12	2026-02-18 12:00:00 UTC	84
2026-02-18	gcp76x	v	12	2026-02-18 12:00:00 UTC	29230
2026-02-18	gcp76x	p	12	2026-02-18 12:00:00 UTC	1001
2026-02-18	gcp76x	w	12	2026-02-18 12:00:00 UTC	10.6
2026-02-18	gcp76x	t	12	2026-02-18 12:00:00 UTC	4.39
2026-02-18	gcp76x	w	11	2026-02-18 11:00:00 UTC	11
2026-02-18	gcp76x	v	11	2026-02-18 11:00:00 UTC	45810
2026-02-18	gcp76x	t	11	2026-02-18 11:00:00 UTC	4.51
2026-02-18	gcp76x	h	11	2026-02-18 11:00:00 UTC	81
2026-02-18	gcp76x	p	11	2026-02-18 11:00:00 UTC	1003
2026-02-18	gcp76x	h	10	2026-02-18 10:00:00 UTC	84
2026-02-18	gcp76x	t	10	2026-02-18 10:00:00 UTC	4.1
2026-02-18	gcp76x	v	10	2026-02-18 10:00:00 UTC	45560
2026-02-18	gcp76x	p	10	2026-02-18 10:00:00 UTC	1004
2026-02-18	gcp76x	w	10	2026-02-18 10:00:00 UTC	9.3
2026-02-18	gcp76x	h	9	2026-02-18 09:00:00 UTC	86
2026-02-18	gcp76x	t	9	2026-02-18 09:00:00 UTC	3.94
2026-02-18	gcp76x	w	9	2026-02-18 09:00:00 UTC	9.8
2026-02-18	gcp76x	p	9	2026-02-18 09:00:00 UTC	1005
2026-02-18	gcp76x	v	9	2026-02-18 09:00:00 UTC	40280
2026-02-18	gcp76x	p	8	2026-02-18 08:00:00 UTC	1006
2026-02-18	gcp76x	w	8	2026-02-18 08:00:00 UTC	8
2026-02-18	gcp76x	v	8	2026-02-18 08:00:00 UTC	34220
2026-02-18	gcp76x	h	8	2026-02-18 08:00:00 UTC	88
2026-02-18	gcp76x	t	8	2026-02-18 08:00:00 UTC	3.66
2026-02-18	gcp76x	w	7	2026-02-18 07:00:00 UTC	9.9
2026-02-18	gcp76x	t	7	2026-02-18 07:00:00 UTC	3.4
2026-02-18	gcp76x	h	7	2026-02-18 07:00:00 UTC	89
2026-02-18	gcp76x	p	7	2026-02-18 07:00:00 UTC	1007
2026-02-18	gcp76x	v	7	2026-02-18 07:00:00 UTC	18010
2026-02-18	gcp76x	h	6	2026-02-18 06:00:00 UTC	85
2026-02-18	gcp76x	p	6	2026-02-18 06:00:00 UTC	1007
2026-02-18	gcp76x	v	6	2026-02-18 06:00:00 UTC	22710
2026-02-18	gcp76x	w	6	2026-02-18 06:00:00 UTC	7.6
2026-02-18	gcp76x	t	6	2026-02-18 06:00:00 UTC	3.46
2026-02-18	gcp76x	t	5	2026-02-18 05:00:00 UTC	3.35
2026-02-18	gcp76x	h	5	2026-02-18 05:00:00 UTC	83
2026-02-18	gcp76x	v	5	2026-02-18 05:00:00 UTC	31590
2026-02-18	gcp76x	w	5	2026-02-18 05:00:00 UTC	6.8
2026-02-18	gcp76x	p	5	2026-02-18 05:00:00 UTC	1008
2026-02-18	gcp76x	t	4	2026-02-18 04:00:00 UTC	2.83
2026-02-18	gcp76x	h	4	2026-02-18 04:00:00 UTC	81
2026-02-18	gcp76x	v	4	2026-02-18 04:00:00 UTC	30050
2026-02-18	gcp76x	w	4	2026-02-18 04:00:00 UTC	6.1
2026-02-18	gcp76x	p	4	2026-02-18 04:00:00 UTC	1009
2026-02-18	gcp76x	t	3	2026-02-18 03:00:00 UTC	2.75
2026-02-18	gcp76x	v	3	2026-02-18 03:00:00 UTC	31850
2026-02-18	gcp76x	w	3	2026-02-18 03:00:00 UTC	5.2
2026-02-18	gcp76x	p	3	2026-02-18 03:00:00 UTC	1010
2026-02-18	gcp76x	h	3	2026-02-18 03:00:00 UTC	77
2026-02-18	gcp76x	p	2	2026-02-18 02:00:00 UTC	1011
2026-02-18	gcp76x	v	2	2026-02-18 02:00:00 UTC	32820
2026-02-18	gcp76x	h	2	2026-02-18 02:00:00 UTC	74
2026-02-18	gcp76x	w	2	2026-02-18 02:00:00 UTC	6.8
2026-02-18	gcp76x	t	2	2026-02-18 02:00:00 UTC	2.85
2026-02-18	gcp76x	w	1	2026-02-18 01:00:00 UTC	7.4
2026-02-18	gcp76x	p	1	2026-02-18 01:00:00 UTC	1012
2026-02-18	gcp76x	h	1	2026-02-18 01:00:00 UTC	70
2026-02-18	gcp76x	t	1	2026-02-18 01:00:00 UTC	2.66
2026-02-18	gcp76x	v	1	2026-02-18 01:00:00 UTC	35640
2026-02-18	gcp76x	v	0	2026-02-18 00:00:00 UTC	39420
2026-02-18	gcp76x	w	0	2026-02-18 00:00:00 UTC	7.1
2026-02-18	gcp76x	p	0	2026-02-18 00:00:00 UTC	1012
2026-02-18	gcp76x	h	0	2026-02-18 00:00:00 UTC	64
2026-02-18	gcp76x	t	0	2026-02-18 00:00:00 UTC	2.58
