2026-10-06	gcp76x	w	16	2026-10-06 16:00:00 UTC	2
2026-10-06	gcp76x	h	16	2026-10-06 16:00:00 UTC	56
2026-10-06	gcp76x	t	16	2026-10-06 16:00:00 UTC	20.24
2026-10-06	gcp76x	p	16	2026-10-06 16:00:00 UTC	1016
2026-10-06	gcp76x	v	16	2026-10-06 16:00:00 UTC	75000
2026-10-06	gcp76x	h	15	2026-10-06 15:00:00 UTC	57
2026-10-06	gcp76x	t	15	2026-10-06 15:00:00 UTC	20.47
2026-10-06	gcp76x	p	15	2026-10-06 15:00:00 UTC	1016
2026-10-06	gcp76x	v	15	2026-10-06 15:00:00 UTC	75000
2026-10-06	gcp76x	w	15	2026-10-06 15:00:00 UTC	1.8
2026-10-06	gcp76x	w	14	2026-10-06 14:00:00 UTC	2.4
2026-10-06	gcp76x	p	14	2026-10-06 14:00:00 UTC	1016
2026-10-06	gcp76x	t	14	2026-10-06 14:00:00 UTC	21.24
2026-10-06	gcp76x	v	14	2026-10-06 14:00:00 UTC	75000
2026-10-06	gcp76x	h	14	2026-10-06 14:00:00 UTC	56
2026-10-06	gcp76x	v	13	2026-10-06 13:00:00 UTC	75000
2026-10-06	gcp76x	w	13	2026-10-06 13:00:00 UTC	1.6
2026-10-06	gcp76x	p	13	2026-10-06 13:00:00 UTC	1017
2026-10-06	gcp76x	t	13	2026-10-06 13:00:00 UTC	20.68
2026-10-06	gcp76x	h	13	2026-10-06 13:00:00 UTC	60
2026-10-06	gcp76x	h	12	2026-10-06 12:00:00 UTC	70
2026-10-06	gcp76x	t	12	2026-10-06 12:00:00 UTC	19.77
2026-10-06	gcp76x	p	12	2026-10-06 12:00:00 UTC	1018
2026-10-06	gcp76x	w	12	2026-10-06 12:00:00 UTC	1.7
2026-10-06	gcp76x	v	12	2026-10-06 12:00:00 UTC	74270
2026-10-06	gcp76x	p	11	2026-10-06 11:00:00 UTC	1018
2026-10-06	gcp76x	v	11	2026-10-06 11:00:00 UTC	72870
2026-10-06	gcp76x	h	11	2026-10-06 11:00:00 UTC	79
2026-10-06	gcp76x	t	11	2026-10-06 11:00:00 UTC	17.71
2026-10-06	gcp76x	w	11	2026-10-06 11:00:00 UTC	2.1
2026-10-06	gcp76x	t	10	2026-10-06 10:00:00 UTC	14.86
2026-10-06	gcp76x	v	10	2026-10-06 10:00:00 UTC	53760
2026-10-06	gcp76x	w	10	2026-10-06 10:00:00 UTC	1.6
2026-10-06	gcp76x	p	10	2026-10-06 10:00:00 UTC	1019
2026-10-06	gcp76x	h	10	2026-10-06 10:00:00 UTC	98
2026-10-06	gcp76x	v	9	2026-10-06 09:00:00 UTC	6920
2026-10-06	gcp76x	t	9	2026-10-06 09:00:00 UTC	13.22
2026-10-06	gcp76x	w	9	2026-10-06 09:00:00 UTC	0.8
2026-10-06	gcp76x	p	9	2026-10-06 09:00:00 UTC	1020
2026-10-06	gcp76x	h	9	2026-10-06 09:00:00 UTC	98
2026-10-06	gcp76x	h	8	2026-10-06 08:00:00 UTC	98
2026-10-06	gcp76x	w	8	2026-10-06 08:00:00 UTC	0.5
2026-10-06	gcp76x	v	8	2026-10-06 08:00:00 UTC	160
2026-10-06	gcp76x	p	8	2026-10-06 08:00:00 UTC	1020
2026-10-06	gcp76x	t	8	2026-10-06 08:00:00 UTC	11.04
2026-10-06	gcp76x	h	7	2026-10-06 07:00:00 UTC	98
2026-10-06	gcp76x	w	7	2026-10-06 07:00:00 UTC	0.9
2026-10-06	gcp76x	t	7	2026-10-06 07:00:00 UTC	11.1
2026-10-06	gcp76x	p	7	2026-10-06 07:00:00 UTC	1020
2026-10-06	gcp76x	v	7	2026-10-06 07:00:00 UTC	220
2026-10-06	gcp76x	v	6	2026-10-06 06:00:00 UTC	100
2026-10-06	gcp76x	w	6	2026-10-06 06:00:00 UTC	0.5
2026-10-06	gcp76x	t	6	2026-10-06 06:00:00 UTC	11.43
2026-10-06	gcp76x	p	6	2026-10-06 06:00:00 UTC	1020
2026-10-06	gcp76x	h	6	2026-10-06 06:00:00 UTC	98
2026-10-06	gcp76x	w	5	2026-10-06 05:00:00 UTC	1
2026-10-06	gcp76x	t	5	2026-10-06 05:00:00 UTC	11.69
2026-10-06	gcp76x	p	5	2026-10-06 05:00:00 UTC	1020
2026-10-06	gcp76x	v	5	2026-10-06 05:00:00 UTC	110
2026-10-06	gcp76x	h	5	2026-10-06 05:00:00 UTC	98
2026-10-06	gcp76x	t	4	2026-10-06 04:00:00 UTC	12.08
2026-10-06	gcp76x	v	4	2026-10-06 04:00:00 UTC	110
2026-10-06	gcp76x	h	4	2026-10-06 04:00:00 UTC	98
2026-10-06	gcp76x	p	4	2026-10-06 04:00:00 UTC	1020
2026-10-06	gcp76x	w	4	2026-10-06 04:00:00 UTC	1.1
2026-10-06	gcp76x	w	3	2026-10-06 03:00:00 UTC	1.8
2026-10-06	gcp76x	t	3	2026-10-06 03:00:00 UTC	12.09
2026-10-06	gcp76x	p	3	2026-10-06 03:00:00 UTC	1021
2026-10-06	gcp76x	h	3	2026-10-06 03:00:00 UTC	97
2026-10-06	gcp76x	v	3	2026-10-06 03:00:00 UTC	100
2026-10-06	gcp76x	p	2	2026-10-06 02:00:00 UTC	1021
2026-10-06	gcp76x	w	2	2026-10-06 02:00:00 UTC	1.8
2026-10-06	gcp76x	h	2	2026-10-06 02:00:00 UTC	97
2026-10-06	gcp76x	v	2	2026-10-06 02:00:00 UTC	170
2026-10-06	gcp76x	t	2	2026-10-06 02:00:00 UTC	12.18
2026-10-06	gcp76x	w	1	2026-10-06 01:00:00 UTC	2.6
2026-10-06	gcp76x	v	1	2026-10-06 01:00:00 UTC	160
2026-10-06	gcp76x	t	1	2026-10-06 01:00:00 UTC	12.52
2026-10-06	gcp76x	h	1	2026-10-06 01:00:00 UTC	96
2026-10-06	gcp76x	p	1	2026-10-06 01:00:00 UTC	1021
2026-10-06	gcp76x	t	0	2026-10-06 00:00:00 UTC	13.53
2026-10-06	gcp76x	v	0	2026-10-06 00:00:00 UTC	34170
2026-10-06	gcp76x	h	0	2026-10-06 00:00:00 UTC	94
2026-10-06	gcp76x	p	0	2026-10-06 00:00:00 UTC	1022
2026-10-06	gcp76x	w	0	2026-10-06 00:00:00 UTC	2.5
2026-10-05	gcp76x	p	23	2026-10-05 23:00:00 UTC	1022
2026-10-05	gcp76x	h	23	2026-10-05 23:00:00 UTC	94
2026-10-05	gcp76x	t	23	2026-10-05 23:00:00 UTC	13.44
2026-10-05	gcp76x	w	23	2026-10-05 23:00:00 UTC	2.5
2026-10-05	gcp76x	v	23	2026-10-05 23:00:00 UTC	43510
2026-10-05	gcp76x	p	22	2026-10-05 22:00:00 UTC	1022
2026-10-05	gcp76x	v	22	2026-10-05 22:00:00 UTC	65810
2026-10-05	gcp76x	w	22	2026-10-05 22:00:00 UTC	2.7
2026-10-05	gcp76x	h	22	2026-10-05 22:00:00 UTC	92
2026-10-05	gcp76x	t	22	2026-10-05 22:00:00 UTC	13.49
2026-10-05	gcp76x	h	21	2026-10-05 21:00:00 UTC	91
2026-10-05	gcp76x	v	21	2026-10-05 21:00:00 UTC	73520
2026-10-05	gcp76x	p	21	2026-10-05 21:00:00 UTC	1022
2026-10-05	gcp76x	w	21	2026-10-05 21:00:00 UTC	2.7
2026-10-05	gcp76x	t	21	2026-10-05 21:00:00 UTC	14.14
2026-10-05	gcp76x	t	20	2026-10-05 20:00:00 UTC	13.38
2026-10-05	gcp76x	v	20	2026-10-05 20:00:00 UTC	75000
2026-10-05	gcp76x	w	20	2026-10-05 20:00:00 UTC	2.2
2026-10-05	gcp76x	p	20	2026-10-05 20:00:00 UTC	1022
2026-10-05	gcp76x	h	20	2026-10-05 20:00:00 UTC	90
2026-10-05	gcp76x	t	19	2026-10-05 19:00:00 UTC	15.91
2026-10-05	gcp76x	w	19	2026-10-05 19:00:00 UTC	2.3
2026-10-05	gcp76x	p	19	2026-10-05 19:00:00 UTC	1022
2026-10-05	gcp76x	v	19	2026-10-05 19:00:00 UTC	75000
2026-10-05	gcp76x	h	19	2026-10-05 19:00:00 UTC	83
2026-10-05	gcp76x	h	18	2026-10-05 18:00:00 UTC	78
2026-10-05	gcp76x	p	18	2026-10-05 18:00:00 UTC	1022
2026-10-05	gcp76x	w	18	2026-10-05 18:00:00 UTC	1.8
2026-10-05	gcp76x	t	18	2026-10-05 18:00:00 UTC	16.91
2026-10-05	gcp76x	v	18	2026-10-05 18:00:00 UTC	75000
2026-10-05	gcp76x	t	17	2026-10-05 17:00:00 UTC	18.49
2026-10-05	gcp76x	w	17	2026-10-05 17:00:00 UTC	3.4
2026-10-05	gcp76x	p	17	2026-10-05 17:00:00 UTC	1022
2026-10-05	gcp76x	h	17	2026-10-05 17:00:00 UTC	69
2026-10-05	gcp76x	v	17	2026-10-05 17:00:00 UTC	75000
2026-10-05	gcp76x	w	16	2026-10-05 16:00:00 UTC	4.9
2026-10-05	gcp76x	p	16	2026-10-05 16:00:00 UTC	1022
2026-10-05	gcp76x	h	16	2026-10-05 16:00:00 UTC	59
2026-10-05	gcp76x	t	16	2026-10-05 16:00:00 UTC	20.93
2026-10-05	gcp76x	v	16	2026-10-05 16:00:00 UTC	75000
2026-10-05	gcp76x	p	15	2026-10-05 15:00:00 UTC	1022
2026-10-05	gcp76x	v	15	2026-10-05 15:00:00 UTC	75000
2026-10-05	gcp76x	t	15	2026-10-05 15:00:00 UTC	20.9
2026-10-05	gcp76x	h	15	2026-10-05 15:00:00 UTC	59
2026-10-05	gcp76x	w	15	2026-10-05 15:00:00 UTC	4.4
2026-10-05	gcp76x	t	14	2026-10-05 14:00:00 UTC	20.69
2026-10-05	gcp76x	w	14	2026-10-05 14:00:00 UTC	4.8
2026-10-05	gcp76x	p	14	2026-10-05 14:00:00 UTC	1022
2026-10-05	gcp76x	h	14	2026-10-05 14:00:00 UTC	58
2026-10-05	gcp76x	v	14	2026-10-05 14:00:00 UTC	75000
2026-10-05	gcp76x	t	13	2026-10-05 13:00:00 UTC	21.06
2026-10-05	gcp76x	w	13	2026-10-05 13:00:00 UTC	4.4
2026-10-05	gcp76x	p	13	2026-10-05 13:00:00 UTC	1023
2026-10-05	gcp76x	h	13	2026-10-05 13:00:00 UTC	58
2026-10-05	gcp76x	v	13	2026-10-05 13:00:00 UTC	7590
2026-10-05	gcp76x	t	12	2026-10-05 12:00:00 UTC	19.69
2026-10-05	gcp76x	w	12	2026-10-05 12:00:00 UTC	3.8
2026-10-05	gcp76x	v	12	2026-10-05 12:00:00 UTC	23130
2026-10-05	gcp76x	p	12	2026-10-05 12:00:00 UTC	1024
2026-10-05	gcp76x	h	12	2026-10-05 12:00:00 UTC	61
2026-10-05	gcp76x	t	11	2026-10-05 11:00:00 UTC	18.8
2026-10-05	gcp76x	w	11	2026-10-05 11:00:00 UTC	4.6
2026-10-05	gcp76x	v	11	2026-10-05 11:00:00 UTC	69790
2026-10-05	gcp76x	p	11	2026-10-05 11:00:00 UTC	1025
2026-10-05	gcp76x	h	11	2026-10-05 11:00:00 UTC	69
2026-10-05	gcp76x	h	10	2026-10-05 10:00:00 UTC	80
2026-10-05	gcp76x	v	10	2026-10-05 10:00:00 UTC	48300
2026-10-05	gcp76x	p	10	2026-10-05 10:00:00 UTC	1025
2026-10-05	gcp76x	t	10	2026-10-05 10:00:00 UTC	15.46
2026-10-05	gcp76x	w	10	2026-10-05 10:00:00 UTC	4.3
2026-10-05	gcp76x	t	9	2026-10-05 09:00:00 UTC	15.77
2026-10-05	gcp76x	v	9	2026-10-05 09:00:00 UTC	33080
2026-10-05	gcp76x	h	9	2026-10-05 09:00:00 UTC	80
2026-10-05	gcp76x	p	9	2026-10-05 09:00:00 UTC	1026
2026-10-05	gcp76x	w	9	2026-10-05 09:00:00 UTC	3.8
2026-10-05	gcp76x	v	8	2026-10-05 08:00:00 UTC	19910
2026-10-05	gcp76x	t	8	2026-10-05 08:00:00 UTC	13.54
2026-10-05	gcp76x	h	8	2026-10-05 08:00:00 UTC	91
2026-10-05	gcp76x	p	8	2026-10-05 08:00:00 UTC	1026
2026-10-05	gcp76x	w	8	2026-10-05 08:00:00 UTC	4.4
2026-10-05	gcp76x	p	7	2026-10-05 07:00:00 UTC	1026
2026-10-05	gcp76x	t	7	2026-10-05 07:00:00 UTC	13.56
2026-10-05	gcp76x	h	7	2026-10-05 07:00:00 UTC	92
2026-10-05	gcp76x	w	7	2026-10-05 07:00:00 UTC	4.5
2026-10-05	gcp76x	v	7	2026-10-05 07:00:00 UTC	18700
2026-10-05	gcp76x	p	6	2026-10-05 06:00:00 UTC	1025
2026-10-05	gcp76x	t	6	2026-10-05 06:00:00 UTC	13.24
2026-10-05	gcp76x	h	6	2026-10-05 06:00:00 UTC	94
2026-10-05	gcp76x	v	6	2026-10-05 06:00:00 UTC	11450
2026-10-05	gcp76x	w	6	2026-10-05 06:00:00 UTC	3.6
2026-10-05	gcp76x	t	5	2026-10-05 05:00:00 UTC	13.12
2026-10-05	gcp76x	p	5	2026-10-05 05:00:00 UTC	1025
2026-10-05	gcp76x	v	5	2026-10-05 05:00:00 UTC	8850
2026-10-05	gcp76x	h	5	2026-10-05 05:00:00 UTC	95
2026-10-05	gcp76x	w	5	2026-10-05 05:00:00 UTC	3.8
2026-10-05	gcp76x	v	4	2026-10-05 04:00:00 UTC	26400
2026-10-05	gcp76x	h	4	2026-10-05 04:00:00 UTC	95
2026-10-05	gcp76x	p	4	2026-10-05 04:00:00 UTC	1026
2026-10-05	gcp76x	w	4	2026-10-05 04:00:00 UTC	4
2026-10-05	gcp76x	t	4	2026-10-05 04:00:00 UTC	12.99
2026-10-05	gcp76x	h	3	2026-10-05 03:00:00 UTC	97
2026-10-05	gcp76x	t	3	2026-10-05 03:00:00 UTC	12.82
2026-10-05	gcp76x	w	3	2026-10-05 03:00:00 UTC	2.1
2026-10-05	gcp76x	v	3	2026-10-05 03:00:00 UTC	22200
2026-10-05	gcp76x	p	3	2026-10-05 03:00:00 UTC	1026
2026-10-05	gcp76x	v	2	2026-10-05 02:00:00 UTC	1050
2026-10-05	gcp76x	p	2	2026-10-05 02:00:00 UTC	1027
2026-10-05	gcp76x	w	2	2026-10-05 02:00:00 UTC	3.3
2026-10-05	gcp76x	h	2	2026-10-05 02:00:00 UTC	97
2026-10-05	gcp76x	t	2	2026-10-05 02:00:00 UTC	12.69
2026-10-05	gcp76x	w	1	2026-10-05 01:00:00 UTC	2.2
2026-10-05	gcp76x	p	1	2026-10-05 01:00:00 UTC	1027
2026-10-05	gcp76x	v	1	2026-10-05 01:00:00 UTC	380
2026-10-05	gcp76x	t	1	2026-10-05 01:00:00 UTC	12.29
2026-10-05	gcp76x	h	1	2026-10-05 01:00:00 UTC	96
2026-10-05	gcp76x	t	0	2026-10-05 00:00:00 UTC	12.56
2026-10-05	gcp76x	w	0	2026-10-05 00:00:00 UTC	3.3
2026-10-05	gcp76x	v	0	2026-10-05 00:00:00 UTC	38470
2026-10-05	gcp76x	h	0	2026-10-05 00:00:00 UTC	92
2026-10-05	gcp76x	p	0	2026-10-05 00:00:00 UTC	1027
2026-10-04	gcp76x	t	23	2026-10-04 23:00:00 UTC	12.48
2026-10-04	gcp76x	v	23	2026-10-04 23:00:00 UTC	44010
2026-10-04	gcp76x	h	23	2026-10-04 23:00:00 UTC	91
2026-10-04	gcp76x	w	23	2026-10-04 23:00:00 UTC	3.2
2026-10-04	gcp76x	p	23	2026-10-04 23:00:00 UTC	1027
2026-10-04	gcp76x	t	22	2026-10-04 22:00:00 UTC	12.98
2026-10-04	gcp76x	w	22	2026-10-04 22:00:00 UTC	3.1
2026-10-04	gcp76x	p	22	2026-10-04 22:00:00 UTC	1028
2026-10-04	gcp76x	v	22	2026-10-04 22:00:00 UTC	70960
2026-10-04	gcp76x	h	22	2026-10-04 22:00:00 UTC	86
2026-10-04	gcp76x	p	21	2026-10-04 21:00:00 UTC	1028
2026-10-04	gcp76x	t	21	2026-10-04 21:00:00 UTC	13.61
2026-10-04	gcp76x	w	21	2026-10-04 21:00:00 UTC	2.5
2026-10-04	gcp76x	h	21	2026-10-04 21:00:00 UTC	86
2026-10-04	gcp76x	v	21	2026-10-04 21:00:00 UTC	75000
2026-10-04	gcp76x	h	20	2026-10-04 20:00:00 UTC	80
2026-10-04	gcp76x	t	20	2026-10-04 20:00:00 UTC	13.39
2026-10-04	gcp76x	p	20	2026-10-04 20:00:00 UTC	1028
2026-10-04	gcp76x	v	20	2026-10-04 20:00:00 UTC	75000
2026-10-04	gcp76x	w	20	2026-10-04 20:00:00 UTC	2
2026-10-04	gcp76x	h	19	2026-10-04 19:00:00 UTC	74
2026-10-04	gcp76x	p	19	2026-10-04 19:00:00 UTC	1028
2026-10-04	gcp76x	v	19	2026-10-04 19:00:00 UTC	75000
2026-10-04	gcp76x	t	19	2026-10-04 19:00:00 UTC	15.01
2026-10-04	gcp76x	w	19	2026-10-04 19:00:00 UTC	2.1
2026-10-04	gcp76x	w	18	2026-10-04 18:00:00 UTC	2
2026-10-04	gcp76x	t	18	2026-10-04 18:00:00 UTC	15.99
2026-10-04	gcp76x	p	18	2026-10-04 18:00:00 UTC	1028
2026-10-04	gcp76x	h	18	2026-10-04 18:00:00 UTC	68
2026-10-04	gcp76x	v	18	2026-10-04 18:00:00 UTC	75000
2026-10-04	gcp76x	p	17	2026-10-04 17:00:00 UTC	1027
2026-10-04	gcp76x	w	17	2026-10-04 17:00:00 UTC	2.3
2026-10-04	gcp76x	t	17	2026-10-04 17:00:00 UTC	18.43
2026-10-04	gcp76x	v	17	2026-10-04 17:00:00 UTC	75000
2026-10-04	gcp76x	h	17	2026-10-04 17:00:00 UTC	56
2026-10-04	gcp76x	w	16	2026-10-04 16:00:00 UTC	4.3
2026-10-04	gcp76x	t	16	2026-10-04 16:00:00 UTC	20.83
2026-10-04	gcp76x	v	16	2026-10-04 16:00:00 UTC	67060
2026-10-04	gcp76x	h	16	2026-10-04 16:00:00 UTC	49
2026-10-04	gcp76x	p	16	2026-10-04 16:00:00 UTC	1027
2026-10-04	gcp76x	h	15	2026-10-04 15:00:00 UTC	50
2026-10-04	gcp76x	v	15	2026-10-04 15:00:00 UTC	75000
2026-10-04	gcp76x	p	15	2026-10-04 15:00:00 UTC	1027
2026-10-04	gcp76x	t	15	2026-10-04 15:00:00 UTC	20.86
2026-10-04	gcp76x	w	15	2026-10-04 15:00:00 UTC	4
2026-10-04	gcp76x	h	14	2026-10-04 14:00:00 UTC	50
2026-10-04	gcp76x	v	14	2026-10-04 14:00:00 UTC	75000
2026-10-04	gcp76x	p	14	2026-10-04 14:00:00 UTC	1028
2026-10-04	gcp76x	t	14	2026-10-04 14:00:00 UTC	21.23
2026-10-04	gcp76x	w	14	2026-10-04 14:00:00 UTC	3.9
2026-10-04	gcp76x	h	13	2026-10-04 13:00:00 UTC	52
2026-10-04	gcp76x	t	13	2026-10-04 13:00:00 UTC	20.3
2026-10-04	gcp76x	p	13	2026-10-04 13:00:00 UTC	1028
2026-10-04	gcp76x	v	13	2026-10-04 13:00:00 UTC	75000
2026-10-04	gcp76x	w	13	2026-10-04 13:00:00 UTC	4
2026-10-04	gcp76x	v	12	2026-10-04 12:00:00 UTC	75000
2026-10-04	gcp76x	p	12	2026-10-04 12:00:00 UTC	1029
2026-10-04	gcp76x	w	12	2026-10-04 12:00:00 UTC	3.5
2026-10-04	gcp76x	h	12	2026-10-04 12:00:00 UTC	51
2026-10-04	gcp76x	t	12	2026-10-04 12:00:00 UTC	20.25
2026-10-04	gcp76x	h	11	2026-10-04 11:00:00 UTC	60
2026-10-04	gcp76x	w	11	2026-10-04 11:00:00 UTC	4
2026-10-04	gcp76x	t	11	2026-10-04 11:00:00 UTC	19.76
2026-10-04	gcp76x	v	11	2026-10-04 11:00:00 UTC	75000
2026-10-04	gcp76x	p	11	2026-10-04 11:00:00 UTC	1029
2026-10-04	gcp76x	h	10	2026-10-04 10:00:00 UTC	82
2026-10-04	gcp76x	t	10	2026-10-04 10:00:00 UTC	17.71
2026-10-04	gcp76x	p	10	2026-10-04 10:00:00 UTC	1030
2026-10-04	gcp76x	w	10	2026-10-04 10:00:00 UTC	0.8
2026-10-04	gcp76x	v	10	2026-10-04 10:00:00 UTC	36800
2026-10-04	gcp76x	v	9	2026-10-04 09:00:00 UTC	12650
2026-10-04	gcp76x	w	9	2026-10-04 09:00:00 UTC	1.2
2026-10-04	gcp76x	t	9	2026-10-04 09:00:00 UTC	14.57
2026-10-04	gcp76x	p	9	2026-10-04 09:00:00 UTC	1030
2026-10-04	gcp76x	h	9	2026-10-04 09:00:00 UTC	98
2026-10-04	gcp76x	v	8	2026-10-04 08:00:00 UTC	160
2026-10-04	gcp76x	w	8	2026-10-04 08:00:00 UTC	0.6
2026-10-04	gcp76x	p	8	2026-10-04 08:00:00 UTC	1030
2026-10-04	gcp76x	t	8	2026-10-04 08:00:00 UTC	12.04
2026-10-04	gcp76x	h	8	2026-10-04 08:00:00 UTC	97
2026-10-04	gcp76x	p	7	2026-10-04 07:00:00 UTC	1030
2026-10-04	gcp76x	w	7	2026-10-04 07:00:00 UTC	0.7
2026-10-04	gcp76x	t	7	2026-10-04 07:00:00 UTC	11.87
2026-10-04	gcp76x	v	7	2026-10-04 07:00:00 UTC	150
2026-10-04	gcp76x	h	7	2026-10-04 07:00:00 UTC	97
2026-10-04	gcp76x	t	6	2026-10-04 06:00:00 UTC	10.06
2026-10-04	gcp76x	w	6	2026-10-04 06:00:00 UTC	0.8
2026-10-04	gcp76x	h	6	2026-10-04 06:00:00 UTC	97
2026-10-04	gcp76x	p	6	2026-10-04 06:00:00 UTC	1030
2026-10-04	gcp76x	v	6	2026-10-04 06:00:00 UTC	110
2026-10-04	gcp76x	w	5	2026-10-04 05:00:00 UTC	1
2026-10-04	gcp76x	p	5	2026-10-04 05:00:00 UTC	1030
2026-10-04	gcp76x	t	5	2026-10-04 05:00:00 UTC	9.7
2026-10-04	gcp76x	v	5	2026-10-04 05:00:00 UTC	130
2026-10-04	gcp76x	h	5	2026-10-04 05:00:00 UTC	96
2026-10-04	gcp76x	w	4	2026-10-04 04:00:00 UTC	0.9
2026-10-04	gcp76x	t	4	2026-10-04 04:00:00 UTC	10.34
2026-10-04	gcp76x	v	4	2026-10-04 04:00:00 UTC	220
2026-10-04	gcp76x	h	4	2026-10-04 04:00:00 UTC	95
2026-10-04	gcp76x	p	4	2026-10-04 04:00:00 UTC	1029
2026-10-04	gcp76x	t	3	2026-10-04 03:00:00 UTC	12.01
2026-10-04	gcp76x	h	3	2026-10-04 03:00:00 UTC	95
2026-10-04	gcp76x	w	3	2026-10-04 03:00:00 UTC	1.2
2026-10-04	gcp76x	v	3	2026-10-04 03:00:00 UTC	19270
2026-10-04	gcp76x	p	3	2026-10-04 03:00:00 UTC	1030
2026-10-04	gcp76x	w	2	2026-10-04 02:00:00 UTC	0.7
2026-10-04	gcp76x	t	2	2026-10-04 02:00:00 UTC	11.89
2026-10-04	gcp76x	v	2	2026-10-04 02:00:00 UTC	22560
2026-10-04	gcp76x	h	2	2026-10-04 02:00:00 UTC	93
2026-10-04	gcp76x	p	2	2026-10-04 02:00:00 UTC	1030
2026-10-04	gcp76x	h	1	2026-10-04 01:00:00 UTC	94
2026-10-04	gcp76x	t	1	2026-10-04 01:00:00 UTC	13.58
2026-10-04	gcp76x	p	1	2026-10-04 01:00:00 UTC	1030
2026-10-04	gcp76x	w	1	2026-10-04 01:00:00 UTC	1.1
2026-10-04	gcp76x	v	1	2026-10-04 01:00:00 UTC	43560
2026-10-04	gcp76x	v	0	2026-10-04 00:00:00 UTC	49390
2026-10-04	gcp76x	t	0	2026-10-04 00:00:00 UTC	12.86
2026-10-04	gcp76x	h	0	2026-10-04 00:00:00 UTC	96
2026-10-04	gcp76x	p	0	2026-10-04 00:00:00 UTC	1030
2026-10-04	gcp76x	w	0	2026-10-04 00:00:00 UTC	1.6
2026-10-03	gcp76x	w	23	2026-10-03 23:00:00 UTC	1.7
2026-10-03	gcp76x	h	23	2026-10-03 23:00:00 UTC	95
2026-10-03	gcp76x	p	23	2026-10-03 23:00:00 UTC	1030
2026-10-03	gcp76x	v	23	2026-10-03 23:00:00 UTC	32760
2026-10-03	gcp76x	t	23	2026-10-03 23:00:00 UTC	12.32
2026-10-03	gcp76x	h	22	2026-10-03 22:00:00 UTC	95
2026-10-03	gcp76x	w	22	2026-10-03 22:00:00 UTC	2
2026-10-03	gcp76x	p	22	2026-10-03 22:00:00 UTC	1030
2026-10-03	gcp76x	v	22	2026-10-03 22:00:00 UTC	46240
2026-10-03	gcp76x	t	22	2026-10-03 22:00:00 UTC	12.47
2026-10-03	gcp76x	v	21	2026-10-03 21:00:00 UTC	44280
2026-10-03	gcp76x	p	21	2026-10-03 21:00:00 UTC	1030
2026-10-03	gcp76x	t	21	2026-10-03 21:00:00 UTC	12.58
2026-10-03	gcp76x	w	21	2026-10-03 21:00:00 UTC	1.2
2026-10-03	gcp76x	h	21	2026-10-03 21:00:00 UTC	95
2026-10-03	gcp76x	v	20	2026-10-03 20:00:00 UTC	49630
2026-10-03	gcp76x	w	20	2026-10-03 20:00:00 UTC	2.1
2026-10-03	gcp76x	h	20	2026-10-03 20:00:00 UTC	93
2026-10-03	gcp76x	t	20	2026-10-03 20:00:00 UTC	13.45
2026-10-03	gcp76x	p	20	2026-10-03 20:00:00 UTC	1031
2026-10-03	gcp76x	p	19	2026-10-03 19:00:00 UTC	1031
2026-10-03	gcp76x	t	19	2026-10-03 19:00:00 UTC	12.89
2026-10-03	gcp76x	v	19	2026-10-03 19:00:00 UTC	64300
2026-10-03	gcp76x	h	19	2026-10-03 19:00:00 UTC	88
2026-10-03	gcp76x	w	19	2026-10-03 19:00:00 UTC	0.5
2026-10-03	gcp76x	w	18	2026-10-03 18:00:00 UTC	1.1
2026-10-03	gcp76x	h	18	2026-10-03 18:00:00 UTC	83
2026-10-03	gcp76x	p	18	2026-10-03 18:00:00 UTC	1030
2026-10-03	gcp76x	v	18	2026-10-03 18:00:00 UTC	63750
2026-10-03	gcp76x	t	18	2026-10-03 18:00:00 UTC	13.42
2026-10-03	gcp76x	v	17	2026-10-03 17:00:00 UTC	74170
2026-10-03	gcp76x	p	17	2026-10-03 17:00:00 UTC	1030
2026-10-03	gcp76x	h	17	2026-10-03 17:00:00 UTC	78
2026-10-03	gcp76x	w	17	2026-10-03 17:00:00 UTC	1.4
2026-10-03	gcp76x	t	17	2026-10-03 17:00:00 UTC	17.39
2026-10-03	gcp76x	p	16	2026-10-03 16:00:00 UTC	1029
2026-10-03	gcp76x	w	16	2026-10-03 16:00:00 UTC	2.8
2026-10-03	gcp76x	h	16	2026-10-03 16:00:00 UTC	70
2026-10-03	gcp76x	t	16	2026-10-03 16:00:00 UTC	18.64
2026-10-03	gcp76x	v	16	2026-10-03 16:00:00 UTC	75000
2026-10-03	gcp76x	h	15	2026-10-03 15:00:00 UTC	66
2026-10-03	gcp76x	p	15	2026-10-03 15:00:00 UTC	1029
2026-10-03	gcp76x	w	15	2026-10-03 15:00:00 UTC	3
2026-10-03	gcp76x	t	15	2026-10-03 15:00:00 UTC	19.1
2026-10-03	gcp76x	v	15	2026-10-03 15:00:00 UTC	71530
2026-10-03	gcp76x	v	14	2026-10-03 14:00:00 UTC	75000
2026-10-03	gcp76x	p	14	2026-10-03 14:00:00 UTC	1030
2026-10-03	gcp76x	t	14	2026-10-03 14:00:00 UTC	18.77
2026-10-03	gcp76x	w	14	2026-10-03 14:00:00 UTC	1.9
2026-10-03	gcp76x	h	14	2026-10-03 14:00:00 UTC	68
2026-10-03	gcp76x	p	13	2026-10-03 13:00:00 UTC	1030
2026-10-03	gcp76x	v	13	2026-10-03 13:00:00 UTC	74620
2026-10-03	gcp76x	t	13	2026-10-03 13:00:00 UTC	18.69
2026-10-03	gcp76x	w	13	2026-10-03 13:00:00 UTC	2.9
2026-10-03	gcp76x	h	13	2026-10-03 13:00:00 UTC	69
2026-10-03	gcp76x	h	12	2026-10-03 12:00:00 UTC	68
2026-10-03	gcp76x	w	12	2026-10-03 12:00:00 UTC	2
2026-10-03	gcp76x	t	12	2026-10-03 12:00:00 UTC	18.7
2026-10-03	gcp76x	p	12	2026-10-03 12:00:00 UTC	1030
2026-10-03	gcp76x	v	12	2026-10-03 12:00:00 UTC	75000
2026-10-03	gcp76x	h	11	2026-10-03 11:00:00 UTC	72
2026-10-03	gcp76x	v	11	2026-10-03 11:00:00 UTC	69160
2026-10-03	gcp76x	w	11	2026-10-03 11:00:00 UTC	1.7
2026-10-03	gcp76x	p	11	2026-10-03 11:00:00 UTC	1030
2026-10-03	gcp76x	t	11	2026-10-03 11:00:00 UTC	18.22
2026-10-03	gcp76x	t	10	2026-10-03 10:00:00 UTC	17.67
2026-10-03	gcp76x	v	10	2026-10-03 10:00:00 UTC	58280
2026-10-03	gcp76x	h	10	2026-10-03 10:00:00 UTC	74
2026-10-03	gcp76x	p	10	2026-10-03 10:00:00 UTC	1030
2026-10-03	gcp76x	w	10	2026-10-03 10:00:00 UTC	2.4
2026-10-03	gcp76x	h	9	2026-10-03 09:00:00 UTC	80
2026-10-03	gcp76x	v	9	2026-10-03 09:00:00 UTC	49810
2026-10-03	gcp76x	p	9	2026-10-03 09:00:00 UTC	1030
2026-10-03	gcp76x	t	9	2026-10-03 09:00:00 UTC	16.48
2026-10-03	gcp76x	w	9	2026-10-03 09:00:00 UTC	4.1
2026-10-03	gcp76x	h	8	2026-10-03 08:00:00 UTC	92
2026-10-03	gcp76x	p	8	2026-10-03 08:00:00 UTC	1030
2026-10-03	gcp76x	w	8	2026-10-03 08:00:00 UTC	2.7
2026-10-03	gcp76x	t	8	2026-10-03 08:00:00 UTC	14.23
2026-10-03	gcp76x	v	8	2026-10-03 08:00:00 UTC	32640
2026-10-03	gcp76x	w	7	2026-10-03 07:00:00 UTC	2.9
2026-10-03	gcp76x	p	7	2026-10-03 07:00:00 UTC	1030
2026-10-03	gcp76x	t	7	2026-10-03 07:00:00 UTC	13.93
2026-10-03	gcp76x	v	7	2026-10-03 07:00:00 UTC	31330
2026-10-03	gcp76x	h	7	2026-10-03 07:00:00 UTC	92
2026-10-03	gcp76x	w	6	2026-10-03 06:00:00 UTC	3.2
2026-10-03	gcp76x	t	6	2026-10-03 06:00:00 UTC	12.45
2026-10-03	gcp76x	p	6	2026-10-03 06:00:00 UTC	1030
2026-10-03	gcp76x	h	6	2026-10-03 06:00:00 UTC	94
2026-10-03	gcp76x	v	6	2026-10-03 06:00:00 UTC	30860
2026-10-03	gcp76x	h	5	2026-10-03 05:00:00 UTC	94
2026-10-03	gcp76x	w	5	2026-10-03 05:00:00 UTC	3.5
2026-10-03	gcp76x	v	5	2026-10-03 05:00:00 UTC	37660
2026-10-03	gcp76x	p	5	2026-10-03 05:00:00 UTC	1029
2026-10-03	gcp76x	t	5	2026-10-03 05:00:00 UTC	12.11
2026-10-03	gcp76x	t	4	2026-10-03 04:00:00 UTC	11.46
2026-10-03	gcp76x	w	4	2026-10-03 04:00:00 UTC	3
2026-10-03	gcp76x	v	4	2026-10-03 04:00:00 UTC	41470
2026-10-03	gcp76x	p	4	2026-10-03 04:00:00 UTC	1029
2026-10-03	gcp76x	h	4	2026-10-03 04:00:00 UTC	92
2026-10-03	gcp76x	p	3	2026-10-03 03:00:00 UTC	1029
2026-10-03	gcp76x	t	3	2026-10-03 03:00:00 UTC	12.95
2026-10-03	gcp76x	v	3	2026-10-03 03:00:00 UTC	40840
2026-10-03	gcp76x	h	3	2026-10-03 03:00:00 UTC	90
2026-10-03	gcp76x	w	3	2026-10-03 03:00:00 UTC	3.2
2026-10-03	gcp76x	p	2	2026-10-03 02:00:00 UTC	1029
2026-10-03	gcp76x	t	2	2026-10-03 02:00:00 UTC	13.08
2026-10-03	gcp76x	h	2	2026-10-03 02:00:00 UTC	92
2026-10-03	gcp76x	v	2	2026-10-03 02:00:00 UTC	42000
2026-10-03	gcp76x	w	2	2026-10-03 02:00:00 UTC	4.1
2026-10-03	gcp76x	t	1	2026-10-03 01:00:00 UTC	12.85
2026-10-03	gcp76x	v	1	2026-10-03 01:00:00 UTC	38710
2026-10-03	gcp76x	w	1	2026-10-03 01:00:00 UTC	3.3
2026-10-03	gcp76x	p	1	2026-10-03 01:00:00 UTC	1029
2026-10-03	gcp76x	h	1	2026-10-03 01:00:00 UTC	91
2026-10-03	gcp76x	w	0	2026-10-03 00:00:00 UTC	3
2026-10-03	gcp76x	v	0	2026-10-03 00:00:00 UTC	38650
2026-10-03	gcp76x	t	0	2026-10-03 00:00:00 UTC	12.89
2026-10-03	gcp76x	p	0	2026-10-03 00:00:00 UTC	1030
2026-10-03	gcp76x	h	0	2026-10-03 00:00:00 UTC	89
2026-10-02	gcp76x	v	23	2026-10-02 23:00:00 UTC	38910
2026-10-02	gcp76x	w	23	2026-10-02 23:00:00 UTC	3.2
2026-10-02	gcp76x	t	23	2026-10-02 23:00:00 UTC	12.94
2026-10-02	gcp76x	h	23	2026-10-02 23:00:00 UTC	88
2026-10-02	gcp76x	p	23	2026-10-02 23:00:00 UTC	1030
2026-10-02	gcp76x	p	22	2026-10-02 22:00:00 UTC	1030
2026-10-02	gcp76x	h	22	2026-10-02 22:00:00 UTC	88
2026-10-02	gcp76x	t	22	2026-10-02 22:00:00 UTC	13.48
2026-10-02	gcp76x	w	22	2026-10-02 22:00:00 UTC	3.4
2026-10-02	gcp76x	v	22	2026-10-02 22:00:00 UTC	43870
2026-10-02	gcp76x	w	21	2026-10-02 21:00:00 UTC	3.8
2026-10-02	gcp76x	p	21	2026-10-02 21:00:00 UTC	1030
2026-10-02	gcp76x	v	21	2026-10-02 21:00:00 UTC	44670
2026-10-02	gcp76x	h	21	2026-10-02 21:00:00 UTC	85
2026-10-02	gcp76x	t	21	2026-10-02 21:00:00 UTC	13.64
2026-10-02	gcp76x	v	20	2026-10-02 20:00:00 UTC	47930
2026-10-02	gcp76x	t	20	2026-10-02 20:00:00 UTC	13.47
2026-10-02	gcp76x	w	20	2026-10-02 20:00:00 UTC	3.3
2026-10-02	gcp76x	p	20	2026-10-02 20:00:00 UTC	1030
2026-10-02	gcp76x	h	20	2026-10-02 20:00:00 UTC	84
2026-10-02	gcp76x	w	19	2026-10-02 19:00:00 UTC	3.3
2026-10-02	gcp76x	t	19	2026-10-02 19:00:00 UTC	14.06
2026-10-02	gcp76x	v	19	2026-10-02 19:00:00 UTC	49010
2026-10-02	gcp76x	p	19	2026-10-02 19:00:00 UTC	1030
2026-10-02	gcp76x	h	19	2026-10-02 19:00:00 UTC	79
2026-10-02	gcp76x	p	18	2026-10-02 18:00:00 UTC	1030
2026-10-02	gcp76x	h	18	2026-10-02 18:00:00 UTC	70
2026-10-02	gcp76x	v	18	2026-10-02 18:00:00 UTC	55150
2026-10-02	gcp76x	w	18	2026-10-02 18:00:00 UTC	3.3
2026-10-02	gcp76x	t	18	2026-10-02 18:00:00 UTC	14.38
2026-10-02	gcp76x	w	17	2026-10-02 17:00:00 UTC	3.5
2026-10-02	gcp76x	t	17	2026-10-02 17:00:00 UTC	15.88
2026-10-02	gcp76x	p	17	2026-10-02 17:00:00 UTC	1029
2026-10-02	gcp76x	h	17	2026-10-02 17:00:00 UTC	57
2026-10-02	gcp76x	v	17	2026-10-02 17:00:00 UTC	68790
2026-10-02	gcp76x	p	16	2026-10-02 16:00:00 UTC	1029
2026-10-02	gcp76x	h	16	2026-10-02 16:00:00 UTC	42
2026-10-02	gcp76x	v	16	2026-10-02 16:00:00 UTC	74130
2026-10-02	gcp76x	t	16	2026-10-02 16:00:00 UTC	19.56
2026-10-02	gcp76x	w	16	2026-10-02 16:00:00 UTC	5.9
2026-10-02	gcp76x	v	15	2026-10-02 15:00:00 UTC	70590
2026-10-02	gcp76x	p	15	2026-10-02 15:00:00 UTC	1029
2026-10-02	gcp76x	w	15	2026-10-02 15:00:00 UTC	5.8
2026-10-02	gcp76x	h	15	2026-10-02 15:00:00 UTC	43
2026-10-02	gcp76x	t	15	2026-10-02 15:00:00 UTC	19.37
2026-10-02	gcp76x	w	14	2026-10-02 14:00:00 UTC	5.8
2026-10-02	gcp76x	p	14	2026-10-02 14:00:00 UTC	1029
2026-10-02	gcp76x	h	14	2026-10-02 14:00:00 UTC	46
2026-10-02	gcp76x	t	14	2026-10-02 14:00:00 UTC	19.98
2026-10-02	gcp76x	v	14	2026-10-02 14:00:00 UTC	66250
2026-10-02	gcp76x	w	13	2026-10-02 13:00:00 UTC	5.5
2026-10-02	gcp76x	h	13	2026-10-02 13:00:00 UTC	47
2026-10-02	gcp76x	v	13	2026-10-02 13:00:00 UTC	60830
2026-10-02	gcp76x	t	13	2026-10-02 13:00:00 UTC	19.96
2026-10-02	gcp76x	p	13	2026-10-02 13:00:00 UTC	1030
2026-10-02	gcp76x	v	12	2026-10-02 12:00:00 UTC	35890
2026-10-02	gcp76x	h	12	2026-10-02 12:00:00 UTC	49
2026-10-02	gcp76x	t	12	2026-10-02 12:00:00 UTC	20.31
2026-10-02	gcp76x	p	12	2026-10-02 12:00:00 UTC	1030
2026-10-02	gcp76x	w	12	2026-10-02 12:00:00 UTC	6.6
2026-10-02	gcp76x	v	11	2026-10-02 11:00:00 UTC	40140
2026-10-02	gcp76x	h	11	2026-10-02 11:00:00 UTC	50
2026-10-02	gcp76x	t	11	2026-10-02 11:00:00 UTC	20.08
2026-10-02	gcp76x	p	11	2026-10-02 11:00:00 UTC	1030
2026-10-02	gcp76x	w	11	2026-10-02 11:00:00 UTC	7.1
2026-10-02	gcp76x	w	10	2026-10-02 10:00:00 UTC	6.1
2026-10-02	gcp76x	p	10	2026-10-02 10:00:00 UTC	1031
2026-10-02	gcp76x	t	10	2026-10-02 10:00:00 UTC	18.96
2026-10-02	gcp76x	v	10	2026-10-02 10:00:00 UTC	36270
2026-10-02	gcp76x	h	10	2026-10-02 10:00:00 UTC	64
2026-10-02	gcp76x	p	9	2026-10-02 09:00:00 UTC	1031
2026-10-02	gcp76x	t	9	2026-10-02 09:00:00 UTC	17.86
2026-10-02	gcp76x	w	9	2026-10-02 09:00:00 UTC	5.4
2026-10-02	gcp76x	v	9	2026-10-02 09:00:00 UTC	27670
2026-10-02	gcp76x	h	9	2026-10-02 09:00:00 UTC	70
2026-10-02	gcp76x	w	8	2026-10-02 08:00:00 UTC	4.5
2026-10-02	gcp76x	p	8	2026-10-02 08:00:00 UTC	1030
2026-10-02	gcp76x	h	8	2026-10-02 08:00:00 UTC	83
2026-10-02	gcp76x	v	8	2026-10-02 08:00:00 UTC	27140
2026-10-02	gcp76x	t	8	2026-10-02 08:00:00 UTC	14.83
2026-10-02	gcp76x	h	7	2026-10-02 07:00:00 UTC	84
2026-10-02	gcp76x	v	7	2026-10-02 07:00:00 UTC	27230
2026-10-02	gcp76x	w	7	2026-10-02 07:00:00 UTC	4.6
2026-10-02	gcp76x	p	7	2026-10-02 07:00:00 UTC	1030
2026-10-02	gcp76x	t	7	2026-10-02 07:00:00 UTC	14.36
2026-10-02	gcp76x	h	6	2026-10-02 06:00:00 UTC	89
2026-10-02	gcp76x	v	6	2026-10-02 06:00:00 UTC	23570
2026-10-02	gcp76x	w	6	2026-10-02 06:00:00 UTC	4
2026-10-02	gcp76x	p	6	2026-10-02 06:00:00 UTC	1030
2026-10-02	gcp76x	t	6	2026-10-02 06:00:00 UTC	12.56
2026-10-02	gcp76x	v	5	2026-10-02 05:00:00 UTC	24830
2026-10-02	gcp76x	w	5	2026-10-02 05:00:00 UTC	3.5
2026-10-02	gcp76x	t	5	2026-10-02 05:00:00 UTC	11.67
2026-10-02	gcp76x	p	5	2026-10-02 05:00:00 UTC	1030
2026-10-02	gcp76x	h	5	2026-10-02 05:00:00 UTC	92
2026-10-02	gcp76x	t	4	2026-10-02 04:00:00 UTC	11.3
2026-10-02	gcp76x	v	4	2026-10-02 04:00:00 UTC	23420
2026-10-02	gcp76x	w	4	2026-10-02 04:00:00 UTC	3.4
2026-10-02	gcp76x	p	4	2026-10-02 04:00:00 UTC	1030
2026-10-02	gcp76x	h	4	2026-10-02 04:00:00 UTC	91
2026-10-02	gcp76x	t	3	2026-10-02 03:00:00 UTC	11.15
2026-10-02	gcp76x	v	3	2026-10-02 03:00:00 UTC	22450
2026-10-02	gcp76x	w	3	2026-10-02 03:00:00 UTC	4.1
2026-10-02	gcp76x	p	3	2026-10-02 03:00:00 UTC	1029
2026-10-02	gcp76x	h	3	2026-10-02 03:00:00 UTC	91
2026-10-02	gcp76x	t	2	2026-10-02 02:00:00 UTC	11.53
2026-10-02	gcp76x	p	2	2026-10-02 02:00:00 UTC	1029
2026-10-02	gcp76x	v	2	2026-10-02 02:00:00 UTC	23650
2026-10-02	gcp76x	h	2	2026-10-02 02:00:00 UTC	86
2026-10-02	gcp76x	w	2	2026-10-02 02:00:00 UTC	2.9
2026-10-02	gcp76x	w	1	2026-10-02 01:00:00 UTC	3.8
2026-10-02	gcp76x	v	1	2026-10-02 01:00:00 UTC	23020
2026-10-02	gcp76x	p	1	2026-10-02 01:00:00 UTC	1030
2026-10-02	gcp76x	h	1	2026-10-02 01:00:00 UTC	83
2026-10-02	gcp76x	t	1	2026-10-02 01:00:00 UTC	12.78
2026-10-02	gcp76x	v	0	2026-10-02 00:00:00 UTC	22510
2026-10-02	gcp76x	p	0	2026-10-02 00:00:00 UTC	1029
2026-10-02	gcp76x	h	0	2026-10-02 00:00:00 UTC	80
2026-10-02	gcp76x	w	0	2026-10-02 00:00:00 UTC	3.5
2026-10-02	gcp76x	t	0	2026-10-02 00:00:00 UTC	13.1
2026-10-01	gcp76x	w	23	2026-10-01 23:00:00 UTC	3.7
2026-10-01	gcp76x	p	23	2026-10-01 23:00:00 UTC	1029
2026-10-01	gcp76x	h	23	2026-10-01 23:00:00 UTC	80
2026-10-01	gcp76x	t	23	2026-10-01 23:00:00 UTC	13.06
2026-10-01	gcp76x	v	23	2026-10-01 23:00:00 UTC	22960
2026-10-01	gcp76x	t	22	2026-10-01 22:00:00 UTC	12.93
2026-10-01	gcp76x	w	22	2026-10-01 22:00:00 UTC	4.4
2026-10-01	gcp76x	p	22	2026-10-01 22:00:00 UTC	1029
2026-10-01	gcp76x	h	22	2026-10-01 22:00:00 UTC	80
2026-10-01	gcp76x	v	22	2026-10-01 22:00:00 UTC	22390
2026-10-01	gcp76x	t	21	2026-10-01 21:00:00 UTC	13.61
2026-10-01	gcp76x	w	21	2026-10-01 21:00:00 UTC	4.2
2026-10-01	gcp76x	p	21	2026-10-01 21:00:00 UTC	1028
2026-10-01	gcp76x	h	21	2026-10-01 21:00:00 UTC	76
2026-10-01	gcp76x	v	21	2026-10-01 21:00:00 UTC	22800
2026-10-01	gcp76x	p	20	2026-10-01 20:00:00 UTC	1028
2026-10-01	gcp76x	v	20	2026-10-01 20:00:00 UTC	24420
2026-10-01	gcp76x	t	20	2026-10-01 20:00:00 UTC	13.41
2026-10-01	gcp76x	h	20	2026-10-01 20:00:00 UTC	74
2026-10-01	gcp76x	w	20	2026-10-01 20:00:00 UTC	3.6
2026-10-01	gcp76x	v	19	2026-10-01 19:00:00 UTC	24470
2026-10-01	gcp76x	p	19	2026-10-01 19:00:00 UTC	1028
2026-10-01	gcp76x	w	19	2026-10-01 19:00:00 UTC	4.3
2026-10-01	gcp76x	t	19	2026-10-01 19:00:00 UTC	14.19
2026-10-01	gcp76x	h	19	2026-10-01 19:00:00 UTC	70
2026-10-01	gcp76x	p	18	2026-10-01 18:00:00 UTC	1027
2026-10-01	gcp76x	t	18	2026-10-01 18:00:00 UTC	14.54
2026-10-01	gcp76x	v	18	2026-10-01 18:00:00 UTC	24860
2026-10-01	gcp76x	w	18	2026-10-01 18:00:00 UTC	4.4
2026-10-01	gcp76x	h	18	2026-10-01 18:00:00 UTC	72
2026-10-01	gcp76x	p	17	2026-10-01 17:00:00 UTC	1026
2026-10-01	gcp76x	t	17	2026-10-01 17:00:00 UTC	16.05
2026-10-01	gcp76x	v	17	2026-10-01 17:00:00 UTC	28060
2026-10-01	gcp76x	w	17	2026-10-01 17:00:00 UTC	3.8
2026-10-01	gcp76x	h	17	2026-10-01 17:00:00 UTC	62
2026-10-01	gcp76x	t	16	2026-10-01 16:00:00 UTC	18.36
2026-10-01	gcp76x	v	16	2026-10-01 16:00:00 UTC	32450
2026-10-01	gcp76x	h	16	2026-10-01 16:00:00 UTC	48
2026-10-01	gcp76x	w	16	2026-10-01 16:00:00 UTC	4.4
2026-10-01	gcp76x	p	16	2026-10-01 16:00:00 UTC	1025
2026-10-01	gcp76x	h	15	2026-10-01 15:00:00 UTC	50
2026-10-01	gcp76x	t	15	2026-10-01 15:00:00 UTC	18.6
2026-10-01	gcp76x	v	15	2026-10-01 15:00:00 UTC	33000
2026-10-01	gcp76x	w	15	2026-10-01 15:00:00 UTC	4.5
2026-10-01	gcp76x	p	15	2026-10-01 15:00:00 UTC	1025
2026-10-01	gcp76x	h	14	2026-10-01 14:00:00 UTC	48
2026-10-01	gcp76x	t	14	2026-10-01 14:00:00 UTC	18.37
2026-10-01	gcp76x	v	14	2026-10-01 14:00:00 UTC	28070
2026-10-01	gcp76x	w	14	2026-10-01 14:00:00 UTC	4.7
2026-10-01	gcp76x	p	14	2026-10-01 14:00:00 UTC	1024
2026-10-01	gcp76x	h	13	2026-10-01 13:00:00 UTC	48
2026-10-01	gcp76x	w	13	2026-10-01 13:00:00 UTC	5.9
2026-10-01	gcp76x	t	13	2026-10-01 13:00:00 UTC	19.35
2026-10-01	gcp76x	p	13	2026-10-01 13:00:00 UTC	1024
2026-10-01	gcp76x	v	13	2026-10-01 13:00:00 UTC	29900
2026-10-01	gcp76x	v	12	2026-10-01 12:00:00 UTC	31200
2026-10-01	gcp76x	t	12	2026-10-01 12:00:00 UTC	17.97
2026-10-01	gcp76x	w	12	2026-10-01 12:00:00 UTC	4.9
2026-10-01	gcp76x	p	12	2026-10-01 12:00:00 UTC	1024
2026-10-01	gcp76x	h	12	2026-10-01 12:00:00 UTC	52
2026-10-01	gcp76x	t	11	2026-10-01 11:00:00 UTC	18.35
2026-10-01	gcp76x	w	11	2026-10-01 11:00:00 UTC	4.9
2026-10-01	gcp76x	p	11	2026-10-01 11:00:00 UTC	1023
2026-10-01	gcp76x	v	11	2026-10-01 11:00:00 UTC	31530
2026-10-01	gcp76x	h	11	2026-10-01 11:00:00 UTC	57
2026-10-01	gcp76x	v	10	2026-10-01 10:00:00 UTC	26380
2026-10-01	gcp76x	w	10	2026-10-01 10:00:00 UTC	4.5
2026-10-01	gcp76x	p	10	2026-10-01 10:00:00 UTC	1023
2026-10-01	gcp76x	h	10	2026-10-01 10:00:00 UTC	68
2026-10-01	gcp76x	t	10	2026-10-01 10:00:00 UTC	16.91
2026-10-01	gcp76x	h	9	2026-10-01 09:00:00 UTC	69
2026-10-01	gcp76x	v	9	2026-10-01 09:00:00 UTC	31590
2026-10-01	gcp76x	w	9	2026-10-01 09:00:00 UTC	4.9
2026-10-01	gcp76x	p	9	2026-10-01 09:00:00 UTC	1022
2026-10-01	gcp76x	t	9	2026-10-01 09:00:00 UTC	16.44
2026-10-01	gcp76x	h	8	2026-10-01 08:00:00 UTC	88
2026-10-01	gcp76x	v	8	2026-10-01 08:00:00 UTC	24410
2026-10-01	gcp76x	w	8	2026-10-01 08:00:00 UTC	4.2
2026-10-01	gcp76x	p	8	2026-10-01 08:00:00 UTC	1021
2026-10-01	gcp76x	t	8	2026-10-01 08:00:00 UTC	13.75
2026-10-01	gcp76x	w	7	2026-10-01 07:00:00 UTC	4.1
2026-10-01	gcp76x	t	7	2026-10-01 07:00:00 UTC	13.59
2026-10-01	gcp76x	h	7	2026-10-01 07:00:00 UTC	88
2026-10-01	gcp76x	p	7	2026-10-01 07:00:00 UTC	1021
2026-10-01	gcp76x	v	7	2026-10-01 07:00:00 UTC	28460
2026-10-01	gcp76x	t	6	2026-10-01 06:00:00 UTC	12.26
2026-10-01	gcp76x	w	6	2026-10-01 06:00:00 UTC	2.9
2026-10-01	gcp76x	p	6	2026-10-01 06:00:00 UTC	1020
2026-10-01	gcp76x	h	6	2026-10-01 06:00:00 UTC	93
2026-10-01	gcp76x	v	6	2026-10-01 06:00:00 UTC	25830
2026-10-01	gcp76x	w	5	2026-10-01 05:00:00 UTC	2.8
2026-10-01	gcp76x	h	5	2026-10-01 05:00:00 UTC	92
2026-10-01	gcp76x	t	5	2026-10-01 05:00:00 UTC	10.85
2026-10-01	gcp76x	v	5	2026-10-01 05:00:00 UTC	23150
2026-10-01	gcp76x	p	5	2026-10-01 05:00:00 UTC	1019
2026-10-01	gcp76x	w	4	2026-10-01 04:00:00 UTC	4
2026-10-01	gcp76x	h	4	2026-10-01 04:00:00 UTC	95
2026-10-01	gcp76x	t	4	2026-10-01 04:00:00 UTC	12.36
2026-10-01	gcp76x	v	4	2026-10-01 04:00:00 UTC	23210
2026-10-01	gcp76x	p	4	2026-10-01 04:00:00 UTC	1018
2026-10-01	gcp76x	h	3	2026-10-01 03:00:00 UTC	98
2026-10-01	gcp76x	t	3	2026-10-01 03:00:00 UTC	11.74
2026-10-01	gcp76x	p	3	2026-10-01 03:00:00 UTC	1017
2026-10-01	gcp76x	v	3	2026-10-01 03:00:00 UTC	22920
2026-10-01	gcp76x	w	3	2026-10-01 03:00:00 UTC	2.4
2026-10-01	gcp76x	p	2	2026-10-01 02:00:00 UTC	1017
2026-10-01	gcp76x	h	2	2026-10-01 02:00:00 UTC	97
2026-10-01	gcp76x	t	2	2026-10-01 02:00:00 UTC	11.99
2026-10-01	gcp76x	v	2	2026-10-01 02:00:00 UTC	23230
2026-10-01	gcp76x	w	2	2026-10-01 02:00:00 UTC	0.9
2026-10-01	gcp76x	p	1	2026-10-01 01:00:00 UTC	1016
2026-10-01	gcp76x	h	1	2026-10-01 01:00:00 UTC	96
2026-10-01	gcp76x	t	1	2026-10-01 01:00:00 UTC	10.73
2026-10-01	gcp76x	v	1	2026-10-01 01:00:00 UTC	520
2026-10-01	gcp76x	w	1	2026-10-01 01:00:00 UTC	1.2
2026-10-01	gcp76x	p	0	2026-10-01 00:00:00 UTC	1016
2026-10-01	gcp76x	v	0	2026-10-01 00:00:00 UTC	19740
2026-10-01	gcp76x	h	0	2026-10-01 00:00:00 UTC	94
2026-10-01	gcp76x	w	0	2026-10-01 00:00:00 UTC	1.8
2026-10-01	gcp76x	t	0	2026-10-01 00:00:00 UTC	12.87
2026-09-30	gcp76x	t	23	2026-09-30 23:00:00 UTC	13.58
2026-09-30	gcp76x	h	23	2026-09-30 23:00:00 UTC	94
2026-09-30	gcp76x	v	23	2026-09-30 23:00:00 UTC	26380
2026-09-30	gcp76x	w	23	2026-09-30 23:00:00 UTC	1.7
2026-09-30	gcp76x	p	23	2026-09-30 23:00:00 UTC	1016
2026-09-30	gcp76x	h	22	2026-09-30 22:00:00 UTC	93
2026-09-30	gcp76x	v	22	2026-09-30 22:00:00 UTC	31700
2026-09-30	gcp76x	w	22	2026-09-30 22:00:00 UTC	2.3
2026-09-30	gcp76x	t	22	2026-09-30 22:00:00 UTC	14.21
2026-09-30	gcp76x	p	22	2026-09-30 22:00:00 UTC	1015
2026-09-30	gcp76x	t	21	2026-09-30 21:00:00 UTC	14.83
2026-09-30	gcp76x	v	21	2026-09-30 21:00:00 UTC	5680
2026-09-30	gcp76x	w	21	2026-09-30 21:00:00 UTC	5.8
2026-09-30	gcp76x	p	21	2026-09-30 21:00:00 UTC	1015
2026-09-30	gcp76x	h	21	2026-09-30 21:00:00 UTC	90
2026-09-30	gcp76x	p	20	2026-09-30 20:00:00 UTC	1014
2026-09-30	gcp76x	t	20	2026-09-30 20:00:00 UTC	15.07
2026-09-30	gcp76x	v	20	2026-09-30 20:00:00 UTC	23770
2026-09-30	gcp76x	w	20	2026-09-30 20:00:00 UTC	2
2026-09-30	gcp76x	h	20	2026-09-30 20:00:00 UTC	79
2026-09-30	gcp76x	p	19	2026-09-30 19:00:00 UTC	1014
2026-09-30	gcp76x	t	19	2026-09-30 19:00:00 UTC	14.77
2026-09-30	gcp76x	v	19	2026-09-30 19:00:00 UTC	23250
2026-09-30	gcp76x	w	19	2026-09-30 19:00:00 UTC	2.9
2026-09-30	gcp76x	h	19	2026-09-30 19:00:00 UTC	82
2026-09-30	gcp76x	v	18	2026-09-30 18:00:00 UTC	23410
2026-09-30	gcp76x	h	18	2026-09-30 18:00:00 UTC	74
2026-09-30	gcp76x	p	18	2026-09-30 18:00:00 UTC	1014
2026-09-30	gcp76x	w	18	2026-09-30 18:00:00 UTC	2.6
2026-09-30	gcp76x	t	18	2026-09-30 18:00:00 UTC	15.25
2026-09-30	gcp76x	h	17	2026-09-30 17:00:00 UTC	66
2026-09-30	gcp76x	v	17	2026-09-30 17:00:00 UTC	24510
2026-09-30	gcp76x	t	17	2026-09-30 17:00:00 UTC	16.76
2026-09-30	gcp76x	p	17	2026-09-30 17:00:00 UTC	1014
2026-09-30	gcp76x	w	17	2026-09-30 17:00:00 UTC	2.9
2026-09-30	gcp76x	v	16	2026-09-30 16:00:00 UTC	29820
2026-09-30	gcp76x	h	16	2026-09-30 16:00:00 UTC	49
2026-09-30	gcp76x	p	16	2026-09-30 16:00:00 UTC	1013
2026-09-30	gcp76x	w	16	2026-09-30 16:00:00 UTC	6.5
2026-09-30	gcp76x	t	16	2026-09-30 16:00:00 UTC	20.38
2026-09-30	gcp76x	w	15	2026-09-30 15:00:00 UTC	6.4
2026-09-30	gcp76x	h	15	2026-09-30 15:00:00 UTC	48
2026-09-30	gcp76x	p	15	2026-09-30 15:00:00 UTC	1013
2026-09-30	gcp76x	t	15	2026-09-30 15:00:00 UTC	20.9
2026-09-30	gcp76x	v	15	2026-09-30 15:00:00 UTC	29170
2026-09-30	gcp76x	t	14	2026-09-30 14:00:00 UTC	20.77
2026-09-30	gcp76x	w	14	2026-09-30 14:00:00 UTC	7.6
2026-09-30	gcp76x	p	14	2026-09-30 14:00:00 UTC	1013
2026-09-30	gcp76x	v	14	2026-09-30 14:00:00 UTC	29440
2026-09-30	gcp76x	h	14	2026-09-30 14:00:00 UTC	54
2026-09-30	gcp76x	w	13	2026-09-30 13:00:00 UTC	8.4
2026-09-30	gcp76x	p	13	2026-09-30 13:00:00 UTC	1012
2026-09-30	gcp76x	t	13	2026-09-30 13:00:00 UTC	21.97
2026-09-30	gcp76x	v	13	2026-09-30 13:00:00 UTC	31660
2026-09-30	gcp76x	h	13	2026-09-30 13:00:00 UTC	52
2026-09-30	gcp76x	p	12	2026-09-30 12:00:00 UTC	1012
2026-09-30	gcp76x	w	12	2026-09-30 12:00:00 UTC	6.8
2026-09-30	gcp76x	t	12	2026-09-30 12:00:00 UTC	22.17
2026-09-30	gcp76x	v	12	2026-09-30 12:00:00 UTC	30950
2026-09-30	gcp76x	h	12	2026-09-30 12:00:00 UTC	54
2026-09-30	gcp76x	h	11	2026-09-30 11:00:00 UTC	61
2026-09-30	gcp76x	t	11	2026-09-30 11:00:00 UTC	20.43
2026-09-30	gcp76x	v	11	2026-09-30 11:00:00 UTC	30110
2026-09-30	gcp76x	p	11	2026-09-30 11:00:00 UTC	1012
2026-09-30	gcp76x	w	11	2026-09-30 11:00:00 UTC	6
2026-09-30	gcp76x	h	10	2026-09-30 10:00:00 UTC	66
2026-09-30	gcp76x	t	10	2026-09-30 10:00:00 UTC	20.68
2026-09-30	gcp76x	p	10	2026-09-30 10:00:00 UTC	1012
2026-09-30	gcp76x	v	10	2026-09-30 10:00:00 UTC	47060
2026-09-30	gcp76x	w	10	2026-09-30 10:00:00 UTC	5.8
2026-09-30	gcp76x	w	9	2026-09-30 09:00:00 UTC	5.8
2026-09-30	gcp76x	t	9	2026-09-30 09:00:00 UTC	19.45
2026-09-30	gcp76x	v	9	2026-09-30 09:00:00 UTC	44160
2026-09-30	gcp76x	h	9	2026-09-30 09:00:00 UTC	77
2026-09-30	gcp76x	p	9	2026-09-30 09:00:00 UTC	1011
2026-09-30	gcp76x	w	8	2026-09-30 08:00:00 UTC	6.3
2026-09-30	gcp76x	t	8	2026-09-30 08:00:00 UTC	18.84
2026-09-30	gcp76x	h	8	2026-09-30 08:00:00 UTC	89
2026-09-30	gcp76x	p	8	2026-09-30 08:00:00 UTC	1010
2026-09-30	gcp76x	v	8	2026-09-30 08:00:00 UTC	8290
2026-09-30	gcp76x	t	7	2026-09-30 07:00:00 UTC	19.03
2026-09-30	gcp76x	w	7	2026-09-30 07:00:00 UTC	7
2026-09-30	gcp76x	p	7	2026-09-30 07:00:00 UTC	1010
2026-09-30	gcp76x	h	7	2026-09-30 07:00:00 UTC	88
2026-09-30	gcp76x	v	7	2026-09-30 07:00:00 UTC	13570
2026-09-30	gcp76x	v	6	2026-09-30 06:00:00 UTC	13620
2026-09-30	gcp76x	t	6	2026-09-30 06:00:00 UTC	19.24
2026-09-30	gcp76x	h	6	2026-09-30 06:00:00 UTC	86
2026-09-30	gcp76x	p	6	2026-09-30 06:00:00 UTC	1008
2026-09-30	gcp76x	w	6	2026-09-30 06:00:00 UTC	8.1
2026-09-30	gcp76x	v	5	2026-09-30 05:00:00 UTC	26970
2026-09-30	gcp76x	t	5	2026-09-30 05:00:00 UTC	19.5
2026-09-30	gcp76x	h	5	2026-09-30 05:00:00 UTC	84
2026-09-30	gcp76x	p	5	2026-09-30 05:00:00 UTC	1008
2026-09-30	gcp76x	w	5	2026-09-30 05:00:00 UTC	6.6
2026-09-30	gcp76x	w	4	2026-09-30 04:00:00 UTC	6.3
2026-09-30	gcp76x	t	4	2026-09-30 04:00:00 UTC	18.86
2026-09-30	gcp76x	v	4	2026-09-30 04:00:00 UTC	23700
2026-09-30	gcp76x	h	4	2026-09-30 04:00:00 UTC	88
2026-09-30	gcp76x	p	4	2026-09-30 04:00:00 UTC	1008
2026-09-30	gcp76x	t	3	2026-09-30 03:00:00 UTC	18.58
2026-09-30	gcp76x	h	3	2026-09-30 03:00:00 UTC	90
2026-09-30	gcp76x	v	3	2026-09-30 03:00:00 UTC	22160
2026-09-30	gcp76x	p	3	2026-09-30 03:00:00 UTC	1008
2026-09-30	gcp76x	w	3	2026-09-30 03:00:00 UTC	5.1
2026-09-30	gcp76x	h	2	2026-09-30 02:00:00 UTC	88
2026-09-30	gcp76x	t	2	2026-09-30 02:00:00 UTC	18.77
2026-09-30	gcp76x	v	2	2026-09-30 02:00:00 UTC	18800
2026-09-30	gcp76x	p	2	2026-09-30 02:00:00 UTC	1008
2026-09-30	gcp76x	w	2	2026-09-30 02:00:00 UTC	3.5
2026-09-30	gcp76x	h	1	2026-09-30 01:00:00 UTC	78
2026-09-30	gcp76x	v	1	2026-09-30 01:00:00 UTC	28880
2026-09-30	gcp76x	p	1	2026-09-30 01:00:00 UTC	1008
2026-09-30	gcp76x	w	1	2026-09-30 01:00:00 UTC	5
2026-09-30	gcp76x	t	1	2026-09-30 01:00:00 UTC	20.16
2026-09-30	gcp76x	h	0	2026-09-30 00:00:00 UTC	80
2026-09-30	gcp76x	t	0	2026-09-30 00:00:00 UTC	20.36
2026-09-30	gcp76x	p	0	2026-09-30 00:00:00 UTC	1009
2026-09-30	gcp76x	v	0	2026-09-30 00:00:00 UTC	29600
2026-09-30	gcp76x	w	0	2026-09-30 00:00:00 UTC	5.5
2026-09-29	gcp76x	t	23	2026-09-29 23:00:00 UTC	20.46
2026-09-29	gcp76x	h	23	2026-09-29 23:00:00 UTC	80
2026-09-29	gcp76x	p	23	2026-09-29 23:00:00 UTC	1009
2026-09-29	gcp76x	v	23	2026-09-29 23:00:00 UTC	30180
2026-09-29	gcp76x	w	23	2026-09-29 23:00:00 UTC	4.8
2026-09-29	gcp76x	t	22	2026-09-29 22:00:00 UTC	20.14
2026-09-29	gcp76x	w	22	2026-09-29 22:00:00 UTC	5
2026-09-29	gcp76x	v	22	2026-09-29 22:00:00 UTC	24000
2026-09-29	gcp76x	h	22	2026-09-29 22:00:00 UTC	84
2026-09-29	gcp76x	p	22	2026-09-29 22:00:00 UTC	1009
2026-09-29	gcp76x	t	21	2026-09-29 21:00:00 UTC	19.54
2026-09-29	gcp76x	v	21	2026-09-29 21:00:00 UTC	16630
2026-09-29	gcp76x	p	21	2026-09-29 21:00:00 UTC	1010
2026-09-29	gcp76x	w	21	2026-09-29 21:00:00 UTC	5.1
2026-09-29	gcp76x	h	21	2026-09-29 21:00:00 UTC	88
2026-09-29	gcp76x	p	20	2026-09-29 20:00:00 UTC	1010
2026-09-29	gcp76x	v	20	2026-09-29 20:00:00 UTC	14770
2026-09-29	gcp76x	h	20	2026-09-29 20:00:00 UTC	90
2026-09-29	gcp76x	w	20	2026-09-29 20:00:00 UTC	4.9
2026-09-29	gcp76x	t	20	2026-09-29 20:00:00 UTC	19.41
2026-09-29	gcp76x	t	19	2026-09-29 19:00:00 UTC	19.67
2026-09-29	gcp76x	p	19	2026-09-29 19:00:00 UTC	1011
2026-09-29	gcp76x	w	19	2026-09-29 19:00:00 UTC	4.6
2026-09-29	gcp76x	v	19	2026-09-29 19:00:00 UTC	17790
2026-09-29	gcp76x	h	19	2026-09-29 19:00:00 UTC	87
2026-09-29	gcp76x	t	18	2026-09-29 18:00:00 UTC	20.63
2026-09-29	gcp76x	w	18	2026-09-29 18:00:00 UTC	5.4
2026-09-29	gcp76x	v	18	2026-09-29 18:00:00 UTC	27470
2026-09-29	gcp76x	h	18	2026-09-29 18:00:00 UTC	77
2026-09-29	gcp76x	p	18	2026-09-29 18:00:00 UTC	1011
2026-09-29	gcp76x	t	17	2026-09-29 17:00:00 UTC	20.43
2026-09-29	gcp76x	v	17	2026-09-29 17:00:00 UTC	25530
2026-09-29	gcp76x	p	17	2026-09-29 17:00:00 UTC	1011
2026-09-29	gcp76x	h	17	2026-09-29 17:00:00 UTC	78
2026-09-29	gcp76x	w	17	2026-09-29 17:00:00 UTC	6.2
2026-09-29	gcp76x	v	16	2026-09-29 16:00:00 UTC	21610
2026-09-29	gcp76x	t	16	2026-09-29 16:00:00 UTC	21.3
2026-09-29	gcp76x	p	16	2026-09-29 16:00:00 UTC	1011
2026-09-29	gcp76x	w	16	2026-09-29 16:00:00 UTC	6.6
2026-09-29	gcp76x	h	16	2026-09-29 16:00:00 UTC	74
2026-09-29	gcp76x	p	15	2026-09-29 15:00:00 UTC	1011
2026-09-29	gcp76x	v	15	2026-09-29 15:00:00 UTC	21900
2026-09-29	gcp76x	t	15	2026-09-29 15:00:00 UTC	21.28
2026-09-29	gcp76x	h	15	2026-09-29 15:00:00 UTC	73
2026-09-29	gcp76x	w	15	2026-09-29 15:00:00 UTC	6.3
2026-09-29	gcp76x	p	14	2026-09-29 14:00:00 UTC	1012
2026-09-29	gcp76x	w	14	2026-09-29 14:00:00 UTC	6.9
2026-09-29	gcp76x	v	14	2026-09-29 14:00:00 UTC	26330
2026-09-29	gcp76x	t	14	2026-09-29 14:00:00 UTC	21.94
2026-09-29	gcp76x	h	14	2026-09-29 14:00:00 UTC	69
2026-09-29	gcp76x	v	13	2026-09-29 13:00:00 UTC	32790
2026-09-29	gcp76x	p	13	2026-09-29 13:00:00 UTC	1012
2026-09-29	gcp76x	w	13	2026-09-29 13:00:00 UTC	7
2026-09-29	gcp76x	h	13	2026-09-29 13:00:00 UTC	59
2026-09-29	gcp76x	t	13	2026-09-29 13:00:00 UTC	23.49
2026-09-29	gcp76x	w	12	2026-09-29 12:00:00 UTC	7.8
2026-09-29	gcp76x	t	12	2026-09-29 12:00:00 UTC	24.89
2026-09-29	gcp76x	p	12	2026-09-29 12:00:00 UTC	1012
2026-09-29	gcp76x	v	12	2026-09-29 12:00:00 UTC	35370
2026-09-29	gcp76x	h	12	2026-09-29 12:00:00 UTC	52
2026-09-29	gcp76x	v	11	2026-09-29 11:00:00 UTC	38990
2026-09-29	gcp76x	w	11	2026-09-29 11:00:00 UTC	9
2026-09-29	gcp76x	h	11	2026-09-29 11:00:00 UTC	53
2026-09-29	gcp76x	p	11	2026-09-29 11:00:00 UTC	1012
2026-09-29	gcp76x	t	11	2026-09-29 11:00:00 UTC	24.61
2026-09-29	gcp76x	v	10	2026-09-29 10:00:00 UTC	41530
2026-09-29	gcp76x	w	10	2026-09-29 10:00:00 UTC	7.4
2026-09-29	gcp76x	t	10	2026-09-29 10:00:00 UTC	23.43
2026-09-29	gcp76x	h	10	2026-09-29 10:00:00 UTC	58
2026-09-29	gcp76x	p	10	2026-09-29 10:00:00 UTC	1013
2026-09-29	gcp76x	v	9	2026-09-29 09:00:00 UTC	34590
2026-09-29	gcp76x	w	9	2026-09-29 09:00:00 UTC	6.7
2026-09-29	gcp76x	t	9	2026-09-29 09:00:00 UTC	21.01
2026-09-29	gcp76x	h	9	2026-09-29 09:00:00 UTC	71
2026-09-29	gcp76x	p	9	2026-09-29 09:00:00 UTC	1014
2026-09-29	gcp76x	t	8	2026-09-29 08:00:00 UTC	16.84
2026-09-29	gcp76x	h	8	2026-09-29 08:00:00 UTC	94
2026-09-29	gcp76x	p	8	2026-09-29 08:00:00 UTC	1016
2026-09-29	gcp76x	w	8	2026-09-29 08:00:00 UTC	4.2
2026-09-29	gcp76x	v	8	2026-09-29 08:00:00 UTC	10600
2026-09-29	gcp76x	v	7	2026-09-29 07:00:00 UTC	8920
2026-09-29	gcp76x	h	7	2026-09-29 07:00:00 UTC	94
2026-09-29	gcp76x	t	7	2026-09-29 07:00:00 UTC	16.65
2026-09-29	gcp76x	p	7	2026-09-29 07:00:00 UTC	1016
2026-09-29	gcp76x	w	7	2026-09-29 07:00:00 UTC	3.7
2026-09-29	gcp76x	w	6	2026-09-29 06:00:00 UTC	3.2
2026-09-29	gcp76x	p	6	2026-09-29 06:00:00 UTC	1016
2026-09-29	gcp76x	v	6	2026-09-29 06:00:00 UTC	6150
2026-09-29	gcp76x	h	6	2026-09-29 06:00:00 UTC	96
2026-09-29	gcp76x	t	6	2026-09-29 06:00:00 UTC	16.11
2026-09-29	gcp76x	v	5	2026-09-29 05:00:00 UTC	4400
2026-09-29	gcp76x	p	5	2026-09-29 05:00:00 UTC	1016
2026-09-29	gcp76x	h	5	2026-09-29 05:00:00 UTC	96
2026-09-29	gcp76x	w	5	2026-09-29 05:00:00 UTC	3.1
2026-09-29	gcp76x	t	5	2026-09-29 05:00:00 UTC	15.66
2026-09-29	gcp76x	t	4	2026-09-29 04:00:00 UTC	15.28
2026-09-29	gcp76x	h	4	2026-09-29 04:00:00 UTC	96
2026-09-29	gcp76x	w	4	2026-09-29 04:00:00 UTC	3.5
2026-09-29	gcp76x	v	4	2026-09-29 04:00:00 UTC	5190
2026-09-29	gcp76x	p	4	2026-09-29 04:00:00 UTC	1016
2026-09-29	gcp76x	t	3	2026-09-29 03:00:00 UTC	15
2026-09-29	gcp76x	h	3	2026-09-29 03:00:00 UTC	94
2026-09-29	gcp76x	p	3	2026-09-29 03:00:00 UTC	1017
2026-09-29	gcp76x	v	3	2026-09-29 03:00:00 UTC	5210
2026-09-29	gcp76x	w	3	2026-09-29 03:00:00 UTC	2.6
2026-09-29	gcp76x	h	2	2026-09-29 02:00:00 UTC	91
2026-09-29	gcp76x	p	2	2026-09-29 02:00:00 UTC	1017
2026-09-29	gcp76x	t	2	2026-09-29 02:00:00 UTC	15.15
2026-09-29	gcp76x	v	2	2026-09-29 02:00:00 UTC	15690
2026-09-29	gcp76x	w	2	2026-09-29 02:00:00 UTC	2.9
2026-09-29	gcp76x	t	1	2026-09-29 01:00:00 UTC	15
2026-09-29	gcp76x	h	1	2026-09-29 01:00:00 UTC	90
2026-09-29	gcp76x	v	1	2026-09-29 01:00:00 UTC	26550
2026-09-29	gcp76x	w	1	2026-09-29 01:00:00 UTC	3.3
2026-09-29	gcp76x	p	1	2026-09-29 01:00:00 UTC	1018
2026-09-29	gcp76x	t	0	2026-09-29 00:00:00 UTC	14.66
2026-09-29	gcp76x	w	0	2026-09-29 00:00:00 UTC	4
2026-09-29	gcp76x	p	0	2026-09-29 00:00:00 UTC	1019
2026-09-29	gcp76x	h	0	2026-09-29 00:00:00 UTC	94
2026-09-29	gcp76x	v	0	2026-09-29 00:00:00 UTC	6490
2026-09-28	gcp76x	h	23	2026-09-28 23:00:00 UTC	93
2026-09-28	gcp76x	t	23	2026-09-28 23:00:00 UTC	14.75
2026-09-28	gcp76x	p	23	2026-09-28 23:00:00 UTC	1019
2026-09-28	gcp76x	w	23	2026-09-28 23:00:00 UTC	4
2026-09-28	gcp76x	v	23	2026-09-28 23:00:00 UTC	6110
2026-09-28	gcp76x	h	22	2026-09-28 22:00:00 UTC	88
2026-09-28	gcp76x	t	22	2026-09-28 22:00:00 UTC	15.12
2026-09-28	gcp76x	v	22	2026-09-28 22:00:00 UTC	29570
2026-09-28	gcp76x	w	22	2026-09-28 22:00:00 UTC	3.8
2026-09-28	gcp76x	p	22	2026-09-28 22:00:00 UTC	1019
2026-09-28	gcp76x	w	21	2026-09-28 21:00:00 UTC	2.8
2026-09-28	gcp76x	v	21	2026-09-28 21:00:00 UTC	33230
2026-09-28	gcp76x	p	21	2026-09-28 21:00:00 UTC	1020
2026-09-28	gcp76x	h	21	2026-09-28 21:00:00 UTC	90
2026-09-28	gcp76x	t	21	2026-09-28 21:00:00 UTC	13.76
2026-09-28	gcp76x	w	20	2026-09-28 20:00:00 UTC	1.6
2026-09-28	gcp76x	v	20	2026-09-28 20:00:00 UTC	36400
2026-09-28	gcp76x	p	20	2026-09-28 20:00:00 UTC	1020
2026-09-28	gcp76x	h	20	2026-09-28 20:00:00 UTC	82
2026-09-28	gcp76x	t	20	2026-09-28 20:00:00 UTC	14.21
2026-09-28	gcp76x	w	19	2026-09-28 19:00:00 UTC	2.7
2026-09-28	gcp76x	v	19	2026-09-28 19:00:00 UTC	39610
2026-09-28	gcp76x	h	19	2026-09-28 19:00:00 UTC	75
2026-09-28	gcp76x	t	19	2026-09-28 19:00:00 UTC	15.18
2026-09-28	gcp76x	p	19	2026-09-28 19:00:00 UTC	1020
2026-09-28	gcp76x	t	18	2026-09-28 18:00:00 UTC	16.07
2026-09-28	gcp76x	v	18	2026-09-28 18:00:00 UTC	34290
2026-09-28	gcp76x	w	18	2026-09-28 18:00:00 UTC	3.2
2026-09-28	gcp76x	p	18	2026-09-28 18:00:00 UTC	1020
2026-09-28	gcp76x	h	18	2026-09-28 18:00:00 UTC	69
2026-09-28	gcp76x	t	17	2026-09-28 17:00:00 UTC	17.1
2026-09-28	gcp76x	p	17	2026-09-28 17:00:00 UTC	1020
2026-09-28	gcp76x	v	17	2026-09-28 17:00:00 UTC	39060
2026-09-28	gcp76x	w	17	2026-09-28 17:00:00 UTC	3.7
2026-09-28	gcp76x	h	17	2026-09-28 17:00:00 UTC	64
2026-09-28	gcp76x	p	16	2026-09-28 16:00:00 UTC	1020
2026-09-28	gcp76x	v	16	2026-09-28 16:00:00 UTC	29750
2026-09-28	gcp76x	t	16	2026-09-28 16:00:00 UTC	18.33
2026-09-28	gcp76x	h	16	2026-09-28 16:00:00 UTC	55
2026-09-28	gcp76x	w	16	2026-09-28 16:00:00 UTC	3
2026-09-28	gcp76x	t	15	2026-09-28 15:00:00 UTC	18.31
2026-09-28	gcp76x	h	15	2026-09-28 15:00:00 UTC	55
2026-09-28	gcp76x	v	15	2026-09-28 15:00:00 UTC	38220
2026-09-28	gcp76x	w	15	2026-09-28 15:00:00 UTC	3.1
2026-09-28	gcp76x	p	15	2026-09-28 15:00:00 UTC	1020
2026-09-28	gcp76x	t	14	2026-09-28 14:00:00 UTC	18.81
2026-09-28	gcp76x	v	14	2026-09-28 14:00:00 UTC	39650
2026-09-28	gcp76x	h	14	2026-09-28 14:00:00 UTC	52
2026-09-28	gcp76x	w	14	2026-09-28 14:00:00 UTC	2.9
2026-09-28	gcp76x	p	14	2026-09-28 14:00:00 UTC	1020
2026-09-28	gcp76x	w	13	2026-09-28 13:00:00 UTC	3.2
2026-09-28	gcp76x	p	13	2026-09-28 13:00:00 UTC	1020
2026-09-28	gcp76x	v	13	2026-09-28 13:00:00 UTC	37620
2026-09-28	gcp76x	t	13	2026-09-28 13:00:00 UTC	18.73
2026-09-28	gcp76x	h	13	2026-09-28 13:00:00 UTC	52
2026-09-28	gcp76x	p	12	2026-09-28 12:00:00 UTC	1020
2026-09-28	gcp76x	h	12	2026-09-28 12:00:00 UTC	51
2026-09-28	gcp76x	t	12	2026-09-28 12:00:00 UTC	18.08
2026-09-28	gcp76x	v	12	2026-09-28 12:00:00 UTC	35990
2026-09-28	gcp76x	w	12	2026-09-28 12:00:00 UTC	3
2026-09-28	gcp76x	h	11	2026-09-28 11:00:00 UTC	62
2026-09-28	gcp76x	v	11	2026-09-28 11:00:00 UTC	40070
2026-09-28	gcp76x	t	11	2026-09-28 11:00:00 UTC	17.38
2026-09-28	gcp76x	p	11	2026-09-28 11:00:00 UTC	1021
2026-09-28	gcp76x	w	11	2026-09-28 11:00:00 UTC	3.2
2026-09-28	gcp76x	v	10	2026-09-28 10:00:00 UTC	39770
2026-09-28	gcp76x	h	10	2026-09-28 10:00:00 UTC	73
2026-09-28	gcp76x	t	10	2026-09-28 10:00:00 UTC	15.93
2026-09-28	gcp76x	w	10	2026-09-28 10:00:00 UTC	1.9
2026-09-28	gcp76x	p	10	2026-09-28 10:00:00 UTC	1021
2026-09-28	gcp76x	h	9	2026-09-28 09:00:00 UTC	81
2026-09-28	gcp76x	t	9	2026-09-28 09:00:00 UTC	13.54
2026-09-28	gcp76x	w	9	2026-09-28 09:00:00 UTC	2.6
2026-09-28	gcp76x	p	9	2026-09-28 09:00:00 UTC	1021
2026-09-28	gcp76x	v	9	2026-09-28 09:00:00 UTC	35770
2026-09-28	gcp76x	v	8	2026-09-28 08:00:00 UTC	31190
2026-09-28	gcp76x	w	8	2026-09-28 08:00:00 UTC	1.2
2026-09-28	gcp76x	h	8	2026-09-28 08:00:00 UTC	94
2026-09-28	gcp76x	p	8	2026-09-28 08:00:00 UTC	1021
2026-09-28	gcp76x	t	8	2026-09-28 08:00:00 UTC	11.3
2026-09-28	gcp76x	p	7	2026-09-28 07:00:00 UTC	1021
2026-09-28	gcp76x	w	7	2026-09-28 07:00:00 UTC	1
2026-09-28	gcp76x	t	7	2026-09-28 07:00:00 UTC	11.14
2026-09-28	gcp76x	h	7	2026-09-28 07:00:00 UTC	94
2026-09-28	gcp76x	v	7	2026-09-28 07:00:00 UTC	29670
2026-09-28	gcp76x	p	6	2026-09-28 06:00:00 UTC	1021
2026-09-28	gcp76x	t	6	2026-09-28 06:00:00 UTC	10.41
2026-09-28	gcp76x	h	6	2026-09-28 06:00:00 UTC	95
2026-09-28	gcp76x	v	6	2026-09-28 06:00:00 UTC	26560
2026-09-28	gcp76x	w	6	2026-09-28 06:00:00 UTC	1.1
2026-09-28	gcp76x	w	5	2026-09-28 05:00:00 UTC	0.7
2026-09-28	gcp76x	t	5	2026-09-28 05:00:00 UTC	9.85
2026-09-28	gcp76x	v	5	2026-09-28 05:00:00 UTC	20450
2026-09-28	gcp76x	p	5	2026-09-28 05:00:00 UTC	1020
2026-09-28	gcp76x	h	5	2026-09-28 05:00:00 UTC	92
2026-09-28	gcp76x	w	4	2026-09-28 04:00:00 UTC	2
2026-09-28	gcp76x	p	4	2026-09-28 04:00:00 UTC	1019
2026-09-28	gcp76x	h	4	2026-09-28 04:00:00 UTC	92
2026-09-28	gcp76x	t	4	2026-09-28 04:00:00 UTC	11.46
2026-09-28	gcp76x	v	4	2026-09-28 04:00:00 UTC	30650
2026-09-28	gcp76x	v	3	2026-09-28 03:00:00 UTC	30490
2026-09-28	gcp76x	t	3	2026-09-28 03:00:00 UTC	11.86
2026-09-28	gcp76x	h	3	2026-09-28 03:00:00 UTC	90
2026-09-28	gcp76x	w	3	2026-09-28 03:00:00 UTC	2.5
2026-09-28	gcp76x	p	3	2026-09-28 03:00:00 UTC	1019
2026-09-28	gcp76x	t	2	2026-09-28 02:00:00 UTC	12.66
2026-09-28	gcp76x	w	2	2026-09-28 02:00:00 UTC	1.5
2026-09-28	gcp76x	h	2	2026-09-28 02:00:00 UTC	88
2026-09-28	gcp76x	p	2	2026-09-28 02:00:00 UTC	1019
2026-09-28	gcp76x	v	2	2026-09-28 02:00:00 UTC	34380
2026-09-28	gcp76x	v	1	2026-09-28 01:00:00 UTC	32160
2026-09-28	gcp76x	h	1	2026-09-28 01:00:00 UTC	88
2026-09-28	gcp76x	p	1	2026-09-28 01:00:00 UTC	1019
2026-09-28	gcp76x	w	1	2026-09-28 01:00:00 UTC	1.9
2026-09-28	gcp76x	t	1	2026-09-28 01:00:00 UTC	13.01
2026-09-28	gcp76x	p	0	2026-09-28 00:00:00 UTC	1018
2026-09-28	gcp76x	t	0	2026-09-28 00:00:00 UTC	12.8
2026-09-28	gcp76x	w	0	2026-09-28 00:00:00 UTC	2.5
2026-09-28	gcp76x	v	0	2026-09-28 00:00:00 UTC	29390
2026-09-28	gcp76x	h	0	2026-09-28 00:00:00 UTC	90
